,title,price,stars,reviews
0,Wildcraft HypaShield Supermask reusable outdoor protect...,₹399,4,"87,898"
1,Wildcraft HypaShield Supermask reusable outdoor protect...,₹299,4.1,"11,818"
2,Billion BREATH reusable outdoor mask FM10 Reusable Clot...,₹260,3.8,651
3,"Tri-Activ 6 Layer Protective Mask, PM2.5 / N95 Tested a...",₹240,,
4,Wildcraft W95+ Grindle,₹570,4.3,"2,594"
5,Wildcraft W95+ Grindle,₹570,4.2,965
6,"NEA N95/KN95 -V 5 Layer Anti- Pollution, Anti- Virus Re...",₹129,3.9,"1,746"
7,VeBNoR 100 Units Disposable 3 Ply Pharmaceutical Breath...,₹249,3.9,"19,883"
8,Clovia MASK21P990 Surgical Mask With Melt Blown Fabric ...,₹249,3.9,"7,769"
9,Nakoda Creation mask_200 Surgical Mask With Melt Blown ...,₹279,3.3,59
10,VeBNoR 100 Piece 3 Layer Extra Thick Extra Protective W...,₹359,4.2,95
11,Medipol Plus 3ply disposable Protect Water Resistant Su...,₹359,4.1,295
12,Chhavi India 100 Surgical Mask,₹249,3.6,"3,365"
13,NEA COTTON 3-LAYER PROTECTIVE REUSABLE Mask Respirator ...,₹579,4.2,"2,641"
14,Cafley Reusable Anti pollution KN95 Protection Mask CAF...,₹130,4.1,24
15,NEA KN95 / N95 Anti Pollution and Anti Viral 5 Layered ...,₹179,3.8,"1,444"
16,"NEA N95/KN95 5-Layer Anti- Pollution , Anti- Virus Reus...",₹249,3.9,611
17,Wildcraft HypaShield Supermask reusable outdoor protect...,₹649,4.1,"20,522"
18,Swiggy sku1002-c295 non woven-(Pack of 10),₹99,3.8,"1,296"
19,"Gleam N95 Face Mask, Anti-Pollution & Anti Virus Breath...",₹299,4.8,11
20,"Gleam N95 Face Mask, Anti-Pollution & Anti Virus Breath...",₹349,4,33
21,Godrej Protekt P-W95 Reusable Face Mask Large White 890...,₹336,4.1,"1,899"
22,Shop & Shoppee 3 layer 3Ply Surgical Mask With Melt Blo...,₹311,4.4,5
23,VIP VSAVE 6 Layer Protective Air Mesh Mask | Pack Of 3 ...,₹379,4.4,23
24,"NHR Surgical Face Mask, Anti Pollution, 3 Ply Face Mask...",₹249,3.6,"2,147"
25,Sugero 100 Units Disposable 3 Ply Pharmaceutical Breath...,₹299,4.1,31
26,WeCool 3Ply Disposable mask Surgical Mask face masks Po...,₹599,4.1,"1,206"
27,"3M Particulate Respirator 8210, N95 Mask, NIOSH Approve...","₹1,260",3.6,52
28,Godrej Protekt P-W95+ Reusable Face Mask Large Navy 890...,₹379,4.1,"5,972"
29,"NEA N95 / KN95 FFP2 5 Layer Reusable Anti - Pollution ,...",₹399,4.1,896
30,"Attache N95 with Filter Face Mask, Anti-Pollution & Ant...",₹349,4.2,67
31,Wildcraft HypaShield Supermask reusable outdoor protect...,₹799,4.2,"7,779"
32,Swiggy C295-1005 Non woven White Mouth Nose Cover Anti-...,₹99,3.5,"1,060"
33,TAOS MASK WITHOUT FILTER AND 5 LAYERS INCLUDING 2 LAYER...,₹249,4.8,8
34,Gear Oxypro Outdoor Face Mask ACCOXPOD03MSK Reusable,₹274,4,"9,650"
35,Asian washable reusable face masks for germ protection ...,₹125,3.8,"8,278"
36,Daiyamondo (PACK OF 100) Disposable 3 Ply Surgical Face...,₹225,3.6,780
37,Chhavi India 50 Surgical Mask With Melt Blown Fabric La...,₹179,3.4,"7,356"
38,Bildos with inbuilt nose pin and ultrasonic sealed earl...,₹570,4.2,641
39,Jack & Jones 214066301 Cloth Mask With Melt Blown Fabri...,₹399,4,23
40,"NEA N95 / KN95 FFP2 5- Layer Reusable Anti-Pollution , ...",₹378,4.2,106
41,"Attache N95 with Filter Face Mask, Anti-Pollution & Ant...",₹149,4.2,109
42,Young Trendz Anti-Pollution -Virus Saftey -Bike Rider -...,₹299,4,741
43,"Tri-Activ 6 Layer Protective Mask, PM2.5 / N95 Tested a...",₹240,,
44,AADICARE 500 pcs 3 PLY SURGICAL FACE MASK Surgical Mask,₹695,3.7,767
45,KIHOME Disposable Unisex Face Mask Medical Dental Anti-...,₹277,3.6,494
46,"HSR Surgical Mask With Melt Blown Fabric Layer (Blue, f...",₹199,4.2,25
47,VeilSide Pack of 50 Pcs (3 Layer) Face Mask Pollution/S...,₹142,4.3,19
48,GUBB Germs / Virus Mask Protection Face Mask 3 Layer Ma...,₹159,3.6,"2,401"
49,"Gleam N95 Face Mask, Anti-Pollution & Anti Virus Breath...",₹299,4.8,11
50,Cabana Retail Disposable Sanitary & Pollution/Surgical ...,₹160,3.5,105
51,Control D OMA Oxygen,₹289,3.9,16
52,Wildcraft W95+ 3P POPCORN BLU_POSDN L,₹570,4.1,"1,057"
53,VIP VSAVE 6 Layer Protective Air Mesh Mask | Pack Of 3 ...,₹379,4.4,23
54,Fort Collins 143,₹399,4.3,4
55,VeBNoR 100 Units Disposable 3 Layer Pharmaceutical Brea...,₹249,3.9,"7,928"
56,NEA COTTON 3-LAYER PROTECTIVE REUSABLE Mask Respirator ...,₹579,4.2,"2,641"
57,D.POLY KN9R WSX-2007 Washable,₹139,3.7,340
58,VeBNoR 4 PIECE COMBO OF N95 mask reusable N95 mask wash...,₹199,3.8,"3,386"
59,"NEA N95 / KN95 FFP2 5 Layer Reusable Anti - Pollution ,...",₹399,4.1,896
60,SKC Surgical Mask SM-150 Surgical Mask With Melt Blown ...,₹279,3.5,778
61,Alcove 3Ply Surgical Mask(Pack Of 100) 3PLY-100 Surgica...,₹130,3.6,"3,185"
62,"GUBB 3 Ply Mask With Nose Pin, Pink Surgical Face Mask ...",₹160,3.8,304
63,NEA KN95 / N95 Anti Pollution and Anti Viral 5 Layered ...,₹179,3.8,"1,444"
64,Bildos 3 Layer Face Mask With Nose Pin Premium Fabric M...,₹500,3.9,9
65,"HummingBird 50 Surgical Disposable 3 Ply Face Mask, Ant...",₹299,,
66,Flipkart SmartBuy Health+ Surgical Mask SM-15 Surgical ...,₹184,3.6,"2,706"
67,SYGA 1 Piece Pesticide Formaldehyde Paint Spray Protect...,₹499,3.8,81
68,Fort Collins Reusable Outdoor Protection Mask 101,₹110,3.7,"2,486"
69,"NEA N95/KN95 5-Layer Anti- Pollution , Anti- Virus Reus...",₹249,3.9,611
70,NEA N95/KN95 FFP2 5 Layer Reusable Anti-Pollution Anti-...,₹131,3.7,"1,623"
71,Godrej Protekt P-W95 Reusable Face Mask Medium Navy 890...,₹336,3.4,"1,180"
72,"Swadesi Stuff N95 Multi Color Washable and Reusable CE,...",₹399,4.6,41
73,TAOS MASK WITHOUT FILTER AND 5 LAYERS INCLUDING 2 LAYER...,₹249,4.8,8
74,Giordano 100% Cotton Anti Pollution Anti Heat Anti Dust...,₹599,4.1,"1,541"
75,"NEA KN95/N95 with Valve Face Mask, Anti-Pollution & Ant...",₹110,3.8,"4,767"
76,Lavella 100 3 PLY BLUE Surgical Mask,₹179,3.5,"1,071"
77,Flipkart SmartBuy Health+ Surgical Mask SM/50 Surgical ...,₹524,3.7,"2,714"
78,Vebeto 3 Ply Surgical Face Mask with PP Spunbond Non-Wo...,₹195,3.5,265
79,Jack & Jones 214066301 Cloth Mask With Melt Blown Fabri...,₹399,4,23
80,Wildcraft W95+ Popcorn,₹570,4.3,"1,285"
81,Allen Solly ASMSWRGF182673 Cloth Mask With Melt Blown F...,₹382,3.4,384
82,SKC Surgical Mask SM-200 Surgical Mask With Melt Blown ...,₹339,3.6,186
83,"Tri-Activ 6 Layer Protective Mask, PM2.5 / N95 Tested a...",₹240,,
84,HSR Health+ Surgical Mask 3 PLY-100Pcs Surgical Mask Wi...,₹299,3.8,"1,404"
85,Bildos Disposable mask with Nose pin 3 Layer Non Woven ...,₹299,3.8,"1,326"
86,badlav Pack Profession Disposable Mask Surgical 3-Ply N...,₹59,4,45
87,Flipkart SmartBuy Health+Surgical Mask SM-30 Surgical M...,₹299,3.5,"1,804"
88,"3M pack of 2 Particulate Respirator 8210, N95 Mask, NIO...",₹585,3.2,66
89,"Gleam N95 Face Mask, Anti-Pollution & Anti Virus Breath...",₹299,4.8,11
90,Louis Philippe LPMSMRGBD29700 Cloth Mask With Melt Blow...,₹509,4.2,110
91,Wildcraft W95+ Pointel,₹570,4.3,821
92,"Gleam N95 with Filter Face Mask, Anti-Pollution & Anti ...",₹299,4,66
93,VIP VSAVE 6 Layer Protective Air Mesh Mask | Pack Of 3 ...,₹379,4.4,23
94,Impulse Impulse Washable Reusable Outdoor Protection Fa...,₹349,4,8
95,Impulse Fashionable Mask Reusable Cloth Mask,₹399,,
96,Wildcraft W95+ Pointel,₹570,4.1,"1,098"
97,Royle Katoch 3-Ply FULL FACE COVER Plastic Shield Dispo...,₹189,3.5,294
98,KIHOME Disposable Unisex Face Mask Medical Dental Anti-...,₹649,3.7,158
99,"NEA N95 / KN95 FFP2 5 Layer Reusable Anti - Pollution ,...",₹399,4.1,896
100,Rockjon 3 Ply Non Woven Face Mask With Nose Pin Surgica...,₹225,3.3,24
101,"UREVO Pack of 50 3ply Disposable Face Masks, Bacterial ...",₹599,4.3,290
102,Flipkart SmartBuy Health+ Surgical Mask SM-60 Surgical ...,₹549,3.6,367
103,NEA KN95 / N95 Anti Pollution and Anti Viral 5 Layered ...,₹179,3.8,"1,444"
104,"NHR Surgical Face Mask, Anti Pollution, 3 Ply Face Mask...",₹229,3.8,"3,751"
105,BMC iVolve Nasal Mask,"₹1,649",3.8,20
106,Wildcraft W95+ Subliprint,₹570,4.2,"1,760"
107,Van Heusen 3 Ply VHMSBRGBO16940 Cloth Mask With Melt Bl...,₹424,4.3,805
108,JANIS Mouth Nose Cover Mask Anti Pollution Reversible R...,₹299,3.7,"1,724"
109,TAOS MASK WITHOUT FILTER AND 5 LAYERS INCLUDING 2 LAYER...,₹249,4.8,8
110,NEA DESIGNER N95 / KN95 5 LAYER WASHABLE AND REUSABLE A...,₹219,3.6,178
111,EDORE KN95 / N95 Anti Pollution and Anti Viral 5 Layere...,₹109,4.4,11
112,Fort Collins Reusable Outdoor Protection Mask 123,₹399,3.5,19
113,"NEA N95/KN95 5-Layer Anti- Pollution , Anti- Virus Reus...",₹249,3.9,611
114,Fabbmate SURGICAL MASK-200 Surgical Mask With Melt Blow...,₹399,3.7,6
115,Bildos 3 Layer Non Woven Fabric Premium Quality Surgica...,₹299,3.8,"1,048"
116,Medexl 50-MASK-MED Surgical Mask With Melt Blown Fabric...,₹167,2.9,222
117,"Matzo Natural Disposable ASTM F2100, with soft Ear Loop...",₹99,3.9,99
118,3M Half Facepiece Reusable Respirator 6200 Without Cart...,"₹1,599",4,81
119,Jack & Jones 214066301 Cloth Mask With Melt Blown Fabri...,₹399,4,23
120,H-Store HS Black Red Black 02,₹179,3.9,"1,562"
121,VIP VSAVE 6 Layer Protective Air Mesh Mask | Pack Of 3 ...,₹379,4.4,23
122,Van Heusen VHMSBRGPS03685,₹424,4.2,260
123,"Tri-Activ 6 Layer Protective Mask, PM2.5 / N95 Tested a...",₹240,,
124,Fabbmate SURGICAL MASK-200 Surgical Mask With Melt Blow...,₹399,3.7,6
125,Supreme Home Collective Surgical Mask -500 Surgical Mas...,₹799,4,13
126,Foxter Surgical Mask With 100 Melt Blown Fabric Layer S...,₹199,3.5,"2,038"
127,BLAQUE 3 Ply Disposable Surgical Face Mask 3 Ply - 50 P...,₹290,3.8,89
128,COLORSOLE 3 PLY NON WOVEN FACE MASK FOR PROTECTION OF V...,₹699,3.5,34
129,"NEA N95 / KN95 FFP2 5- Layer Reusable Anti-Pollution , ...",₹378,4.2,106
130,3M Particulate Respirator 9000ing with 8210-N95 (Pack o...,₹395,3.1,10
131,U.S. Polo Assn. USMAK0011,₹446,4.1,705
132,"Attache KN95/N95 with Filter Face Mask, Anti-Pollution ...",₹149,4,216
133,"Gleam N95 Face Mask, Anti-Pollution & Anti Virus Breath...",₹299,4.8,11
134,MINIMALIST CLOTHING 5-COLORS Cloth Mask,₹149,3.5,404
135,Puma Face Mask (Set of 2) IN 5409501 Washable Cloth Mas...,₹499,4.2,"2,125"
136,Dabur Face mask Safe D95,₹195,4,478
137,"Face First ""COMBO"" OF HIGH QUALITY (HEALTH CARE) PRINTE...",₹265,4.7,6
138,"aadicare 3 PLY FACE MASK 3 Ply Disposable Surgical , No...",₹149,3.9,7
139,"NEA N95 / KN95 FFP2 5 Layer Reusable Anti - Pollution ,...",₹399,4.1,896
140,"Shop & Shoppee SnSMB003 Reusable, Washable Surgical Mas...",₹319,,
141,Neyssa (PACK OF 50) Disposable 3 Ply Surgical Face Mask...,₹210,3.6,124
142,Home Expert Health+ Surgical Mask 200 MASK-AB16 Surgica...,₹599,,
143,"NEA N95/KN95 -V 5 Layer Anti- Pollution, Anti- Virus Re...",₹129,3.9,"1,746"
144,Supreme Home Collective Surgical Mask -250 Surgical Mas...,₹339,3.3,43
145,"Herbal Aid Reusable Mask GSGF95 Reusable, Washable",₹179,3.4,335
146,face first kn-95 face mask pack of 4 -original seller-D...,₹130,3.7,681
147,Fort Collins Reusable Outdoor Protection Mask 113,₹399,3.7,52
148,"Attache N95 with Filter Face Mask, Anti-Pollution & Ant...",₹149,,
149,NEA KN95 / N95 Anti Pollution and Anti Viral 5 Layered ...,₹179,3.8,"1,444"
150,Puma Adjustable Face Mask Set of Two 5410805,₹499,4.4,66
151,Baner KN 95 Face Mask (FREE OFFER) with 6 core Melt Blo...,₹105,3.7,359
152,Metronaut reusable outdoor breathable mask SH - Mask05 ...,₹225,3.7,252
153,TAOS MASK WITHOUT FILTER AND 5 LAYERS INCLUDING 2 LAYER...,₹249,4.8,8
154,AADICARE 3 Ply Face Protective Mask PACK OF 100 Surgica...,₹240,3.6,138
155,JMS Surgical Mask SM-40 Surgical Mask With Melt Blown F...,₹149,3.6,215
156,Zyaden MZ-10 Surgical Mask With Melt Blown Fabric Layer,₹135,3.7,34
157,shoora arts SHSUR02 Surgical Mask With Melt Blown Fabri...,₹295,5,1
158,Federica 50-mask Surgical Mask With Melt Blown Fabric L...,₹199,3.3,512
159,"NEA N95/KN95 5-Layer Anti- Pollution , Anti- Virus Reus...",₹249,3.9,611
160,SKC Surgical Mask SM-450 Surgical Mask With Melt Blown ...,₹649,3.8,141
161,JMS Surgical Mask SM-200 Surgical Mask With Melt Blown ...,₹349,3.5,532
162,Blue Loon BL-21 Surgical Mask,₹150,,
163,NEA KN95 / N95 Anti Pollution and Anti Viral 5 Layered ...,₹179,3.8,"1,444"
164,NS STUFF Surgical mask 3Ply Mask Surgical Mask With Mel...,₹70,3.9,18
165,Anweshas Pack of 3 Piece Premium Quality Skin Friendly ...,₹237,3.9,35
166,Jack & Jones 214398301 Cloth Mask,₹399,4.7,6
167,F Gear Coroguard F95 Safeguard Mask for Adult 7 layer I...,₹399,4.2,58
168,Vero Moda 214173302 Cloth Mask With Melt Blown Fabric L...,₹399,4.1,8
169,"Tri-Activ 6 Layer Protective Mask, PM2.5 / N95 Tested a...",₹240,,
170,Jack & Jones REUSABLE ANTI BACTERIAL 214066501 Cloth Ma...,₹399,4.2,25
171,SHIELD INDIA SHIELD INDIA N95/KN95 5 Layer Reusable/Was...,₹385,3.7,628
172,Swadesi Stuff 3 Ply Anti Pollution Surgical Face Mask f...,₹189,3.4,667
173,TAOS MASK Without Respirator Made with 5 Highly breatha...,₹229,4.4,7
174,NCY Virus 3Ply Surgical Face Mask N-95 ) (3 layer face ...,₹72,3.6,364
175,Chevit Surgical mask _48 Surgical Mask With Melt Blown ...,₹180,3.5,976
176,D'Milano SURGICAL Disposable 3 layer face mask (pack of...,₹125,3.3,289
177,Autofurnish Anti-pollution Half Face Mouth-muffle Dust ...,₹249,3.1,55
178,Asian washable reusable face masks for germ protection ...,₹125,3.9,"1,965"
179,"Gleam N95 Face Mask, Anti-Pollution & Anti Virus Breath...",₹299,4.8,11
180,Louis Philippe LPMSMRGBO72202 Cloth Mask With Melt Blow...,₹509,4.2,202
181,PNV Kraft 4 - 10 Years PLKO033 Anti-Pollution Dust Wash...,₹199,3.2,12
182,Dzazner Skin Friendly Comfortable Multicolor 100% Soft ...,₹297,3.6,13
183,"NEA N95/KN95 -V 5 Layer Anti- Pollution, Anti- Virus Re...",₹129,3.9,"1,746"
184,Wildcraft Outdoor mask 3P 12535_L_Glacer_Gry,₹450,4.4,74
185,CMerchants Virus Protector MASK-02 Respirator-N95-02 Wa...,₹99,3.7,372
186,Chhavi India 40 Surgical Mask,₹129,3.3,690
187,"Hoteon UREVO Mask-3ply Disposable Face Masks, Bacterial...",₹599,3.6,226
188,KIHOME Disposable Unisex Face Mask Medical Dental Anti-...,₹338,3.5,198
189,VIP VSAVE 6 Layer Protective Air Mesh Mask | Pack Of 3 ...,₹379,4.4,23
190,Flipkart SmartBuy Health+ Surgical Mask SM-40 Surgical ...,₹450,3.9,335
191,Indus Valley Health + Surgical Mask - Pack of 50 pcs FM...,₹389,3.7,123
192,ME&YOU Disposable Unisex Face Mask Medical Dental Anti-...,₹125,3.6,311
193,"NEA N95 / KN95 FFP2 5 Layer Reusable Anti - Pollution ,...",₹399,4.1,896
194,"3M Particulate Respirator 8210, N95 Mask, NIOSH Approve...",₹499,3.2,78
195,"Attache N95 with Filter Face Mask, Anti-Pollution & Ant...",₹399,4.5,4
196,Young Trendz Anti-Pollution -Virus Saftey -Bike Rider -...,₹119,3.6,"8,065"
197,ZAPMASK Reusable Cotton Fabric Washable & Anti-Pollutio...,₹99,3.5,859
198,Allen Solly AHMSCRGPE80635 Cloth Mask With Melt Blown F...,₹424,3.7,117
199,Jack & Jones 214066301 Cloth Mask With Melt Blown Fabri...,₹399,4,23
200,3M 9004 IN Particulate Respirator (Pack of 2),₹275,3.8,11
201,Venus V 44+ Anti Pollution High Quality Adjustable V-44...,₹210,3.8,530
202,Legal Bribe 3-Layer Face Reusable Cotton Printed Masks ...,₹280,,
203,"Tri-Activ 6 Layer Protective Mask, PM2.5 / N95 Tested a...",₹240,,
204,Wildcraft W95+ Subliprint,₹600,,
205,Staunch KN95 Anti Pollution Mask with 5 Layer Filtratio...,₹240,3.6,5
206,Impulse Impulse Washable Reusable Outdoor Protection Fa...,₹249,3.8,533
207,VIP VSAVE 6 Layer Protective Air Mesh Mask | Pack Of 3 ...,₹360,3.9,8
208,Le Maroco SURGICAL face mask (N-95)(3 layer face mask) ...,₹160,3.3,728
209,TAOS MASK Without Respirator Made with 5 Highly breatha...,₹229,4.4,7
210,TAOS 3 ply mask with meltblown fabric and internal nose...,₹449,4.6,7
211,"SKC Surgical Mask, Virus Protection SM-50 Surgical Mask...",₹159,4,21
212,"Gifts & Decor 3 Ply Disposable Non Woven Surgical Nose,...",₹749,3.5,25
213,"Gleam N95 Face Mask, Anti-Pollution & Anti Virus Breath...",₹299,4.8,11
214,AADICARE 3 LAYERS MASK PACK OF 300 3 PLY SURGICAL MASK ...,₹449,3.7,249
215,Dr. Morepen KN95 Respirator Mask Anti Pollution Mask Wi...,₹360,3.4,52
216,"Herbal Aid YFO 2 YFO 2 Reusable, Washable",₹299,3.9,23
217,Van Heusen VWMSFRGP242919 Cloth Mask With Melt Blown Fa...,₹424,4.2,42
218,Puma Reflective Logo Adjustable Face Mask Set of Two 54...,₹499,4,38
219,VIP VSAVE 6 Layer Protective Air Mesh Mask | Pack Of 3 ...,₹379,4.4,23
220,"Azibo Pro KN95/N95 Virus Protection Face Mask Reusable,...",₹189,3.7,239
221,NEA COTTON 3-LAYER PROTECTIVE REUSABLE FACE Mask Respir...,₹249,4,38
222,"NEA N95 / KN95 FFP2 5 Layer Reusable Anti - Pollution ,...",₹399,4.1,896
223,NEA KN95 / N95 Anti Pollution and Anti Viral 5 Layered ...,₹179,3.8,"1,444"
224,"3M Particulate Respirator 8210, N95 160 EA/Case NIOSH A...",₹579,3.1,192
225,AAHANA PACK 100 DISPOSABLE MASK Surgical Mask With Melt...,₹198,3.5,64
226,JMS Surgical Mask SM-300 Surgical Mask With Melt Blown ...,₹449,3.6,56
227,Fabbmate SURGICAL MASK-100 Surgical Mask With Melt Blow...,₹269,,
228,"Matzo Natural Disposable ASTM F2100, with soft Ear Loop...",₹175,3.8,42
229,TAOS MASK WITHOUT FILTER AND 5 LAYERS INCLUDING 2 LAYER...,₹249,4.8,8
230,Fabbmate SURGICAL MASK-500 Surgical Mask With Melt Blow...,₹899,3.7,18
231,Alcove 500 3Ply Surgical Mask,₹588,3.8,248
232,Herbal Aid Reusable & Washable Mask Black Filter 1 Reus...,₹229,3.6,15
233,Jack & Jones 214066301 Cloth Mask With Melt Blown Fabri...,₹399,4,23
234,Louis Philippe LPMSMRGBI42835 Cloth Mask With Melt Blow...,₹509,3.9,88
235,3M Pack of 2 9004IN Anti Pollution Dust Proof reusable,₹230,3.5,763
236,Venus anti pollution mask for men women n95 with inbuil...,₹135,3.7,"6,148"
237,Asian washable reusable face masks for germ protection ...,₹125,3.5,"1,469"
238,Venus V4400 W N95,₹225,3.3,264
239,"NEA N95/KN95 -V 5 Layer Anti- Pollution, Anti- Virus Re...",₹129,3.9,"1,746"
240,Flipkart SmartBuy Health+ Surgical Mask SM-20 Surgical ...,₹177,3.5,"1,394"
241,House Of Sensation 200 Pcs comfort Disposable Pollution...,₹399,3.5,46
242,"NHR Surgical Face Mask, Anti Pollution, 3 Ply Face Mask...",₹226,3.4,318
243,NEA COTTON 3-LAYER PROTECTIVE REUSABLE Mask Respirator ...,₹579,4.2,"2,641"
244,Kihome 3Ply Mask pack of 200 Surgical Mask,₹329,3.5,191
245,shoora arts Surgical Mask 50 Surgical Mask With Melt Bl...,₹345,3.5,4
246,"GUBB Surgical Mask With Nose Pin Washable, Reusable Sur...",₹299,3.4,305
247,SynoCare SYC-V-M,"₹1,500",3.8,30
248,Venus anti pollution mask for men women n95 with inbuil...,₹135,3.7,"6,147"
249,"NEA N95 / KN95 FFP2 5- Layer Reusable Anti-Pollution , ...",₹378,4.2,106
250,Ivaan 5 Color Combo Unisex N-95 Reusable & Washable N-9...,₹399,3.7,"2,036"
251,Khadi Essentials 7344390607302 Cloth Mask With Melt Blo...,₹449,4.6,78
252,Dabur Face mask Safe D95,₹540,3.7,151
253,"Tri-Activ 6 Layer Protective Mask, PM2.5 / N95 Tested a...",₹240,,
254,Impulse Impulse Washable Reusable Outdoor Protection Fa...,₹499,3.8,808
255,NEA COTTON 3-LAYER REUSABLE RESPIRATORY PROTECTIVE FACE...,₹301,4.1,22
256,NEA 3 Layered / 3 ply pharmaceutical surgical disposabl...,₹279,4.8,4
257,Home Expert Health+ Surgical Mask 200 MASK-AB15 Surgica...,₹329,3.3,13
258,Fabbmate SURGICAL MASK-300 Surgical Mask With Melt Blow...,₹499,2.8,4
259,"Gleam N95 Face Mask, Anti-Pollution & Anti Virus Breath...",₹299,4.8,11
260,Young Trendz Health+ 30 pcs Surgical Mask Surgical Mask...,₹200,,
261,Dr. Morepen 3 Ply Surgical Face Mask 3Ply Mask 3 Layer ...,₹189,3.2,14
262,VeBNoR 40 Piece 3 Layer Extra Thick Extra Protective Wa...,₹199,4.7,14
263,VIP VSAVE 6 Layer Protective Air Mesh Mask | Pack Of 3 ...,₹379,4.4,23
264,Autofurnish (Set of 12) - Mototrance Reusable Mouth Nos...,"₹1,099",4,6
265,eAmaze Cartoon Mask for Kids (For Boys) - Reusable Wash...,₹249,3.5,147
266,Inktree Designer Printed Face Mask (D.No. 42) Cloth Mas...,₹129,3.4,125
267,MANSAA KN95 Face Mask Respirator M52-5,₹88,3.6,234
268,Kroptee FAMILY PACK 12 Flower Design Cotton Face Mask F...,₹360,,
269,"NEA N95 / KN95 FFP2 5 Layer Reusable Anti - Pollution ,...",₹399,4.1,896
270,"MOONSTRUCK K95 KN95-5 Washable, Reusable",₹149,3.8,"2,689"
271,Asian washable reusable face masks for germ protection ...,₹549,3.8,"2,437"
272,Supreme Home Collective Surgical Mask Surgical Face Mas...,₹149,3.1,14
273,NEA KN95 / N95 Anti Pollution and Anti Viral 5 Layered ...,₹179,3.8,"1,444"
274,DEFINITELY Disposable Air Pollution & Protection Mask F...,₹180,3.7,104
275,BLUEDOT Face mask 3ply mask 100 Surgical Mask With Melt...,₹348,3.2,37
276,"SHIELD INDIA Surgical Face Mask, Anti Pollution, 3 Ply ...",₹529,,
277,Trendy Trotters Earloop Medical Face Masks 3 Layer Non-...,₹199,3.6,202
278,"JET Surgical Face Mask, Anti Pollution, 3 Ply Face Mask...",₹305,3.4,512
279,TAOS MASK WITHOUT FILTER AND 5 LAYERS INCLUDING 2 LAYER...,₹249,4.8,8
280,YAJNAS 3 Ply Disposable Face Masks Germ Dust Protection...,₹538,3.5,27
281,"HSR Surgical Face Mask, Anti Pollution, 3 Ply Face Mask...",₹299,3.8,97
282,Fabbmate SURGICAL MASK-400 Surgical Mask With Melt Blow...,₹699,3.5,16
283,"Tri-Activ 6 Layer Protective Mask, PM2.5 / N95 Tested a...",₹240,,
284,FINCH 3Ply Surgical Mask(Pack Of 200) 3PLY-200 SURGI Su...,₹489,3.4,191
285,Gritstones SM100 Surgical Mask,₹329,3.7,107
286,Crozier N95 & KN95 Mask Pollution Breathable washable a...,₹583,4,11
287,Livinguard Pro Large (Bombay Blue),"₹1,750",4.6,12
288,Allen Solly AHMSCRGPR73086 Cloth Mask With Melt Blown F...,₹424,4,136
289,TAOS MASK Without Respirator Made with 5 Highly breatha...,₹229,4.4,7
290,NEA KN95-V+ 5 Layer Reusable Mask Respirator with Valve...,₹99,3.8,"4,041"
291,GUBB Cotton Mask Washable Face Mask For Men & Women Reu...,₹449,4.8,5
292,"Lavella 5 PRINTED COTTON Reusable and Washable,98% prot...",₹199,3.8,18
293,"Gleam N95 Face Mask, Anti-Pollution & Anti Virus Breath...",₹299,4.8,11
294,slowloris SLDBF1 Reusable Cloth Mask,₹80,3.9,120
295,Life Friends Anti Virus anti Dust Pollution Disposable ...,₹67,4,269
296,"Gifts & Decor 3 Ply Disposable Non Woven Surgical Nose,...",₹499,3,7
297,JUMBO MAX PACK OF 100 Surgical Mask,₹229,3.4,465
298,"AAHANA 3 PLY PACK OF 50 DISPOSABLE MASK, NON WOVEN DISP...",₹134,3.4,16
299,"NEA N95/KN95 -V 5 Layer Anti- Pollution, Anti- Virus Re...",₹129,3.9,"1,746"
300,FINCH 3Ply Surgical Mask(Pack Of 100) 3PLY-100 Surgical...,₹299,3.7,"1,109"
301,Young Trendz SURGICAL MASK-100 SURGICAL-MASK-100 Surgic...,₹700,3.1,11
302,STARZ Safety V-800+7800 Dual Half Mask with Rubber Mult...,"₹1,699",4,26
303,VIP VSAVE 6 Layer Protective Air Mesh Mask | Pack Of 3 ...,₹379,4.4,23
304,Venus (PACK OF 2) Anti pollution mask for men women n95...,₹205,3.6,607
305,Wildcraft W95+ Pointel,₹570,3.7,88
306,Impulse Washable Reusable Outdoor Protection Face Mask ...,₹392,3.8,103
307,Young Trendz Mask (Pack of 5),₹149,3.5,"2,935"
308,Metronaut reusable outdoor breathable mask SH - Mask07 ...,₹300,3.7,126
309,"NEA N95 / KN95 FFP2 5 Layer Reusable Anti - Pollution ,...",₹399,4.1,896
310,LOIS CARON WHITE PACK OF 5 FACE MASK ANTI POLLUTION WIT...,₹199,5,5
311,Gritstones SM50 Surgical Mask,₹239,,
312,Ada Disposable Mask with Elastic Ear Loops Soft & Comfo...,₹299,3.9,38
313,NEA KN95 / N95 Anti Pollution and Anti Viral 5 Layered ...,₹179,3.8,"1,444"
314,Chevit Disposable Air Pollution & Protection Mask Face ...,₹149,3.4,48
315,SKC Surgical Mask SM-100 Surgical Mask With Melt Blown ...,₹229,3.5,222
316,"BLAQUE Ultrasonic Face Mask with Nose Pin, 3 Ply - 100 ...",₹450,3.8,83
317,W WADRO Health Care Surgical Mask WM-30 Surgical Mask W...,₹199,3.2,100
318,AADICARE Mask with Head loop Great for Air Pollution Pr...,₹169,3.6,59
319,TAOS MASK WITHOUT FILTER AND 5 LAYERS INCLUDING 2 LAYER...,₹249,4.8,8
320,Bersache 3 ply-1003 Non woven blue Mouth Nose Cover Ant...,₹249,2.5,6
321,RockJon Surgical Nose Pin Anti Pollution Mask with 4 La...,₹296,,
322,First Trend Surgical FaMask (3 layer ) (pack of 30) Sur...,₹154,3.6,26
323,"Tri-Activ 6 Layer Protective Mask, PM2.5 / N95 Tested a...",₹240,,
324,JMS Surgical Mask SM-100 Surgical Mask With Melt Blown ...,₹239,3.6,139
325,Play Run Venus 410 V Mask Venus Dust Pollution Mask and...,₹419,3.8,32
326,"2TwisT N95 ,Anti Pollution Mask, Reusable And Washable ...",₹222,4.6,24
327,Peter England PECLMSKW52058N Cloth Mask With Melt Blown...,₹339,4.1,27
328,H-Store Ninja Black Grey Black,₹179,3.8,"1,720"
329,"Gleam N95 Face Mask, Anti-Pollution & Anti Virus Breath...",₹299,4.8,11
330,Park Avenue PZZF04839-X1,₹425,3.8,585
331,"Young Trendz Urban Air Mask YT75 Reusable, Washable Clo...",₹299,2.8,96
332,"Qraa HyperShield Cotton Face Mask- Reusable, Washable a...",₹210,3.6,388
333,NEA KN95 / N95 Anti Pollution and Anti Viral 5 Layered ...,₹179,3.8,"1,444"
334,Medexl 100-MASK-MED Surgical Mask With Melt Blown Fabri...,₹223,3.3,484
335,BLUEDOT Face mask 3ply mask 15 Surgical Mask With Melt ...,₹95,3.5,52
336,"Foolzy Mask, Disposable Face Mask for Virus, Anti Dust/...",₹189,3.5,328
337,"NHR Surgical Face Mask, Anti Pollution, 3 Ply Face Mask...",₹169,3,50
338,Dvis 3 Ply Disposable Cotton Mouth Nose Dust Pollution ...,₹749,,
339,VIP VSAVE 6 Layer Protective Air Mesh Mask | Pack Of 3 ...,₹379,4.4,23
340,Cooldone Health+ Surgical Mask MASKSURGICALP20 Surgical...,₹149,,
341,3M 6200 + 4 No. 6003 Cartridge,"₹3,125",4.3,133
342,"3M 9000ING Dust/Mist Respirator, BIS P1, 1000/CS | ISI ...",₹599,3.7,47
343,"NEA N95 / KN95 FFP2 5 Layer Reusable Anti - Pollution ,...",₹399,4.1,896
344,Impulse Impulse Washable Reusable Outdoor Protection Fa...,₹249,3.5,111
345,"Foxter N95 MS-11,12,13,14,15 N95 mask N95-MS11-15 Pollu...",₹399,4.1,170
346,Bodyguard Reusable Anti Pollution Face Mask with Activa...,₹299,4,594
347,HappiShoppi HappiShoppi 100% Cotton Kids Washable & Reu...,₹349,3.9,126
348,Venus Anti-Pollution Premium Quality Mask V410V ( Yello...,₹195,3.2,173
349,Jack & Jones 214066301 Cloth Mask With Melt Blown Fabri...,₹399,4,23
350,Federica 100-mask Surgical Mask With Melt Blown Fabric ...,₹278,3.3,223
351,"Salta 3 layer Disposable Face mask Anti flu , Virus pro...",₹599,3.4,5
352,"Trendy Trotters Non Woven Elastic Ear-Loop Face Mask, 1...",₹188,3.4,138
353,"NEA N95/KN95 5-Layer Anti- Pollution , Anti- Virus Reus...",₹249,3.9,611
354,Mee Pra Disposable Mask Pack 50 Surgical Mask With Melt...,₹159,3.3,31
355,Swadesi Stuff 3 Ply Anti Pollution Surgical Face Mask f...,₹179,3.5,275
356,xperiaya Face Mask Safety Mask Dust 3-Ply Ear Loop For ...,₹95,3.6,93
357,THE 9192 SMD-710 SMD-710,₹149,,
358,Vastramay 203 Reusable Cloth Mask With Melt Blown Fabri...,₹199,4.2,10
359,"NEA N95/KN95 -V 5 Layer Anti- Pollution, Anti- Virus Re...",₹129,3.9,"1,746"
360,"JET Surgical Face Mask, Anti Pollution, 3 Ply Face Mask...",₹169,3.2,205
361,Medipol Plus 3ply disposable Protecto Water Resistant S...,₹999,,
362,Being Fab SM/50 Surgical Mask With Melt Blown Fabric La...,₹349,,
363,"NEA N95 / KN95 FFP2 5- Layer Reusable Anti-Pollution , ...",₹378,4.2,106
364,Herbal Aid 3 Ply Mask SM150 Surgical Mask With Melt Blo...,₹399,3.5,33
365,eAmaze Cartoon Mask for Kids (For Girls) - Reusable Was...,₹249,3.8,423
366,VeBNoR 100 Units Disposable 3 Ply Pharmaceutical Breath...,₹199,3.8,"1,324"
367,Asian washable reusable face masks for germ protection ...,₹449,3.5,55
368,"LA'FORTE , CE, WHO Approved N95 Mask Pack of 5 pcs NIOS...",₹325,3.7,350
369,"Tri-Activ 6 Layer Protective Mask, PM2.5 / N95 Tested a...",₹240,,
370,"EUME 2800000_MultiBlue Reusable, Washable Cloth Mask",₹179,4.1,9
371,Royatto 5 Layer Supermask Reusable Outdoor Protection M...,₹135,3.6,"4,476"
372,Friendskart Health+ Surgical Mask 2PLY-MASK-50 Surgical...,₹289,3.7,3
373,"Gleam N95 Face Mask, Anti-Pollution & Anti Virus Breath...",₹299,4.8,11
374,Creto SM B50 Surgical Mask With Melt Blown Fabric Layer,₹199,,
375,"Wenzel Surgical Face Mask, Anti Pollution, 3 Ply Face M...",₹275,,
376,BADLAV 200 Units Disposable 3 Layer Pharmaceutical Brea...,₹299,,
377,HSR Air Filter Mouth Face Mask Protection from Pollutio...,₹199,,
378,Medipol Plus 3ply disposable Surgical mask Water Resist...,₹549,,
379,VIP VSAVE 6 Layer Protective Air Mesh Mask | Pack Of 3 ...,₹379,4.4,23
380,Cafley 5 Layer FDA and ISO 13485 Approved KN95/N95 with...,₹255,4.5,4
381,Marabous N95 & KN95 Mask Respirator Pollution Breathabl...,₹248,4,116
382,casera N95 Anti-Pollution/Surgical N95 Face MasK With M...,₹159,3.9,68
383,"NEA N95 / KN95 FFP2 5 Layer Reusable Anti - Pollution ,...",₹399,4.1,896
384,Asian washable reusable face masks for germ protection ...,₹360,3.7,"1,564"
385,Godrej Protekt P-W95 Reusable Face Mask Medium White 89...,₹336,3.5,376
386,Birde Filter Pro 5 Layer Triple Particle Filtration Sys...,₹135,3.5,103
387,"AAHANA PACK 4, N95 RESPIRATOR MELT BLOWN BLACK BLK004 M...",₹199,3.5,169
388,3 Sepedge Health+ Surgical Mask Mask-15pcs Surgical Mas...,₹100,4.3,6
389,NEA KN95 / N95 Anti Pollution and Anti Viral 5 Layered ...,₹179,3.8,"1,444"
390,Vahson Made in India 250 units Surgical Mask Disposable...,₹149,2.5,6
391,"Bienne Surgical Face Mask, Anti Pollution, 3 Ply Face M...",₹490,,
392,SURJICHEM RNX_FaceMask_Pack_22 Surgical Mask Surgical M...,₹109,3.6,7
393,Jack & Jones 214066301 Cloth Mask With Melt Blown Fabri...,₹399,4,23
394,NEA 3 - Layer (3 ply) Surgical Respiratory Anti - Pollu...,₹279,3.2,138
395,Medipol 3ply Disposable Protecto Water Resistant Surgic...,₹199,,
396,Venus V-414 SLOV (Pack of 4) Non-Woven GreenOccuational...,₹590,3.9,41
397,BASE 41 Reusable and Washable Anti-Pollution Dust Unise...,₹149,3.5,45
398,Asian MASK-2001-LIGHTGREY-1 MASK-2001-LIGHTGREY-1 Reusa...,₹125,3.6,379
399,"NEA N95/KN95 5-Layer Anti- Pollution , Anti- Virus Reus...",₹249,3.9,611
400,FashMade 150 3PLY Surgical Mask,₹195,3.5,"1,539"
401,OneRetail 3 Ply Surgical Face Mask with Earloop Great f...,₹190,3.1,17
402,BMC Ivolve Full Face Mask,"₹1,839",3.4,28
403,"Tri-Activ 6 Layer Protective Mask, PM2.5 / N95 Tested a...",₹240,,
404,Asian washable reusable face masks for germ protection ...,₹449,3.6,582
405,VeBNoR 8 PIECE COMBO OF N95 mask reusable N95 mask wash...,₹329,3.7,873
406,Matlek KN95 Mask Grey With 5 Layer Protection Medical G...,₹199,4,58
407,Diana Korr HypaShield Supermask Double Filter Reusable ...,₹299,3.6,"1,195"
408,"3M 9000ING Dust/Mist Respirator, BIS P1, 1000/CS | ISI ...",₹299,3.3,35
409,TAOS MASK Without Respirator Made with 5 Highly breatha...,₹229,4.4,7
410,Wrath Unisex Anti Pollution Reusable Face Mask AddicMC3...,₹299,3.8,112
411,NEA Mask-50)-1843 Surgical Mask With Melt Blown Fabric ...,₹235,,
412,NEYSSA (PACK OF 70) surgical mask Surgical Mask,₹320,,
413,"Gleam N95 Face Mask, Anti-Pollution & Anti Virus Breath...",₹299,4.8,11
414,Azibo SRGCL-49PC Reusable Surgical Mask With Melt Blown...,₹479,,
415,BADLAV 250 Units Disposable 3 Layer Pharmaceutical Brea...,₹599,,
416,Eduway Disposable 3- Ply Mask (Pack of 70) For Virus Pr...,₹219,,
417,"GUBB 3 Ply Mask With Nose Pin, Surgical Mask 3 Ply 3 La...",₹160,3.9,129
418,Cafley  5 Layer without Valve FDA and ISO 13485 Approve...,₹255,4.3,12
419,"NEA N95/KN95 5-Layer Anti- Pollution , Anti- Virus Reus...",₹249,3.9,611
420,Inktree Designer Printed Face Mask (D.No. 25) Cloth Mas...,₹129,3.7,50
421,Venus V4400 4400N95 N95 CERTIFIED YELLOW STRAP MASK,₹346,3.1,14
422,Lino Perros Unisex Pack Of 3 Resuable 3-Layer Outdoor M...,₹489,,
423,VIP VSAVE 6 Layer Protective Air Mesh Mask | Pack Of 3 ...,₹379,4.4,23
424,Flipkart SmartBuy Health+ Hexaprotect Reusable Outdoor ...,₹359,4,746
425,Pockester KIDS Reusable Outdoor Protection Mask 8276224...,₹399,5,2
426,VeBNoR 10 PIECE COMBO OF N95 mask reusable N95 mask was...,₹399,3.6,636
427,NEA Mask-100)-1866 Surgical Mask With Melt Blown Fabric...,₹279,,
428,NCY virus 3Ply Surgical Face Mask N-95 ) (3 layer face ...,₹91,3.4,429
429,"NEA N95 / KN95 FFP2 5 Layer Reusable Anti - Pollution ,...",₹399,4.1,896
430,"Bienne Surgical Face Mask, Anti Pollution, 3 Ply Face M...",₹390,,
431,NEA Mask-50)-1882 Surgical Mask With Melt Blown Fabric ...,₹229,,
432,"HummingBird 30 Surgical Disposable 3 Ply Face Mask, Ant...",₹249,,
433,"NEA N95/KN95 -V 5 Layer Anti- Pollution, Anti- Virus Re...",₹129,3.9,"1,746"
434,BADLAV 100 Units Disposable 3 Layer Pharmaceutical Brea...,₹199,,
435,"HappiShoppi RSMPL-YE-5 Water Resistant, Reusable, Washa...",₹230,3.7,10
436,Venus V 4400 Anti Virus NIOSH Certified,₹419,2.9,56
437,"DEE20 PN-95 Multicolor PN95MSK05VBLRLGABCY Reusable, Wa...",₹199,3.4,44
438,Puma Adjustable Printed Face Mask Set of Two 54108_03 C...,₹599,4,66
439,NEA KN95 / N95 Anti Pollution and Anti Viral 5 Layered ...,₹179,3.8,"1,444"
440,Bildos disposable mask with nose pin and ultrasonic sea...,₹335,4.1,316
441,"3M 3M Mask for Pollution, Anti Pollution Mask 9004IN Du...",₹485,2.9,13
442,Asian washable reusable face masks for germ protection ...,₹245,3.8,"1,504"
443,TAOS MASK Without Respirator Made with 5 Highly breatha...,₹229,4.4,7
444,face first COMBO OF HIGH QUALITY (HEALTH CARE) mask wit...,₹349,,
445,"Azibo KN95/N95 Virus Protection Face Mask Reusable,Wash...",₹180,3.5,8
446,"CRETO KN95 Mask, Anti Pollution, Mask Respirator with 6...",₹159,3.5,830
447,Only TOKI DOKI - M Cloth Mask With Melt Blown Fabric La...,₹499,,
448,U.S. Polo Assn. USMAK0016,₹446,4.1,294
449,"Gleam N95 Face Mask, Anti-Pollution & Anti Virus Breath...",₹299,4.8,11
450,NEA Mask-50)-1879 Water Resistant Surgical Mask With Me...,₹229,,
451,"Matzo Disposable F2101, with Nose Clip and Soft Ear Loo...",₹99,,
452,Harry houdini Non Woven Fabric 3 Ply Surgical Mask Surg...,₹591,,
453,VIP VSAVE 6 Layer Protective Air Mesh Mask | Pack Of 3 ...,₹379,4.4,23
454,Harry houdini Non Woven Fabric Unisex 3 Ply Disposable ...,₹375,,
455,BADLAV Disposable Face Masks with 3 -Layer Protection w...,₹229,,
456,Harry houdini Non Woven Fabric Unisex 3 Ply Surgical Ma...,₹400,,
457,THE 9192 SMD-704,₹149,3.8,4
458,Wildcraft W95+ Pointel,₹950,4.3,23
459,"NEA N95 / KN95 FFP2 5 Layer Reusable Anti - Pollution ,...",₹399,4.1,896
460,Miss & Chief Kids face mask M-C_CT_12345678910_MASK_10 ...,₹699,4.1,10
461,Wildcraft W95+ Popcorn,₹950,4,17
462,"AAHANA Pack 3, Green Color Cotton Mask for Men and Wome...",₹149,4.2,14
463,NEA KN95 / N95 Anti Pollution and Anti Viral 5 Layered ...,₹179,3.8,"1,444"
464,"NHR KN95 Mask, Anti Pollution, Mask Respirator with CE ...",₹249,3.6,45
465,"GUBB KN95 Mask Anti Pollution Respiratory, 2 kn 95 Filt...",₹299,3.4,25
466,BADLAV 50 Units Disposable 3 Ply Pharmaceutical Breatha...,₹169,,
467,Harry houdini Non Woven Fabric Unisex 3 Ply Surgical Ma...,₹250,,
468,Clovia Mask17p99 Surgical Mask With Melt Blown Fabric L...,₹174,2.7,3
469,Jack & Jones 214066301 Cloth Mask With Melt Blown Fabri...,₹399,4,23
470,"HummingBird 150 Surgical Disposable 3 Ply Face Mask, An...",₹749,,
471,First Trend Surgical Mask (3 layer ) (pack of 40) Surgi...,₹174,2.9,30
472,Supreme Home Collective Surgical Mask_SHCMask-100_EX346...,₹199,,
473,"NEA N95/KN95 5-Layer Anti- Pollution , Anti- Virus Reus...",₹249,3.9,611
474,"3M Antipollution Dust/Mist Riding Respirator (White, Pa...","₹1,639",3.7,3
475,Nova Hexa Shield SN95 Reusable Protection Mask,₹329,3.9,"2,091"
476,Bildos 6 pieces N95 Protective Mask with 5 Layer CE Cer...,₹500,4.1,9
477,Leelvis KN95 N95 Anti Pollution Reusable,₹548,4.3,3
478,SlowLoris SLMBD1 Cloth Mask,₹80,4,52
479,"NEA N95/KN95 -V 5 Layer Anti- Pollution, Anti- Virus Re...",₹129,3.9,"1,746"
480,3M Particulate Respirator N95 8210 (Pack of 20),"₹4,300",3.6,5
481,Miss & Chief Kids face mask M-C_CT_12345678910_MASK_10 ...,₹699,4.1,10
482,"GUBB KN95 Mask Anti Pollution Respiratory, 2 kn 95 Filt...",₹299,3.4,25
483,3M 8210 N95,"₹5,559",3.2,62
484,SHIELD INDIA N95 5 Layer Reusable Washable Face Mask fo...,₹179,3.8,4
485,STAUNCH KN95 5Layer Reusable Mask Respirator with Valve...,₹149,3.5,"2,742"
486,Blackberrys MATHEW # Cloth Mask,₹499,4,12
487,Harry houdini Non Woven Fabric Unisex 3 Ply Disposable ...,₹560,,
488,Harry houdini Non Woven Fabric Unisex 3 Ply Disposable ...,₹250,,
489,"ROAR PACK 50, 3 PLY, DISPOSABLE MASK, NON WOVEN, MELT B...",₹249,,
490,"ROAR PACK 50, Layer_ONB_516L Surgical Mask With Melt Bl...",₹239,,
491,"ROAR PACK 50, 3 PLY, DISPOSABLE MASK, NON WOVEN, MELT B...",₹249,,
492,Friendskart Health+ Surgical Mask 2PLY-MASK-15 Surgical...,₹99,3.4,29
493,"3M Antipollution Dust/Mist Riding Respirator (White, Pa...","₹1,639",3.7,3
494,TR K-95 Reusable Outdoor Protection mask (Pack Of 2) n9...,₹229,3.9,528
495,HSR Two Layer Filter Mouth-Muffle Bacteria Proof Flu Fa...,₹299,3.9,186
496,Good Friends ( Set of 2 ) Cotton Washable Reusable Face...,₹99,3.6,77
497,"Shop & Shoppee 100% Pure Cotton Cloth , Soft & Skin Fri...",₹299,,
498,Kroptee 4 Checkered 4 Plain and 4 Child Print Design Fa...,₹540,,
499,"Foxter N95 MS-6,7,8,9,10 N95 mask N95-MS6-10 Pollution ...",₹399,3.9,408
500,"ROAR PACK 50, Layer_PNR_603C Surgical Mask With Melt Bl...",₹239,,
501,Livingcreation GREEN COTTON FACE MASK SET OF 5 Cloth Ma...,₹145,2.7,9
502,BADLAV 10 Units Disposable 3 Ply Mask Respirator with 3...,₹75,,
503,Kiraro 50 Units Disposable 3 Ply Pharmaceutical Breatha...,₹259,,
504,BADLAV 150 Units Disposable 3 Layer Pharmaceutical Brea...,₹249,,
505,Harry houdini Non Woven Fabric Unisex 3 Ply Disposable ...,₹500,,
506,"3M 1200, Gas Cartridge","₹1,299",4.7,14
507,Asian washable reusable face masks for germ protection ...,₹125,3.6,451
508,"Shop & Shoppee 100% Pure Cotton Cloth , Soft & Skin Fri...",₹246,,
509,Aircum KN95 Shield Supermask reusable outdoor protectio...,₹99,3.5,"1,088"
510,"MedFest (Pack of 10) WSX KN95 Anti Pollution/ Virus, Du...",₹999,,
511,HashBean 2 Layer Everyday Reusable Cloth Mask,₹35,4.4,5
512,VeBNoR Coronavirus mask Pharmaceutical mask (200 Piece)...,₹449,3.9,463
513,Matlek surgical mask -Pack Of 10 Surgical Mask With Mel...,₹99,,
514,SKC Surgical Mask SM-250 Surgical Mask With Melt Blown ...,₹399,3.7,60
515,"ROAR PACK 50, Layer_YIB_507I Surgical Mask With Melt Bl...",₹239,,
516,"ROAR PACK 100, Layer_EKN_432J Surgical Mask With Melt B...",₹299,,
517,Harry houdini Non Woven Fabric Unisex 3 Ply Disposable ...,₹350,,
518,"ROAR PACK 50, Layer_TNX_498F Surgical Mask With Melt Bl...",₹239,,
519,3M Organic Vapor/Acid Gas Cartridge for Respiratory Pro...,₹840,4.3,87
520,GUBB Cotton Mask Washable Face Mask For Men & Women Reu...,₹449,3.4,100
521,KASSUALLY KSLMASK005 Reusable Cloth Mask,₹355,3.9,22
522,Asian washable reusable face masks for germ protection ...,₹245,3.8,363
523,NEA KN95 / N95 Anti Pollution and Anti Viral 5 Layered ...,₹179,3.8,"1,444"
524,SanNap N95 Mask with Breathing Valve mask respirator Re...,₹149,3.9,236
525,Pockester KIDS Printed Reusable Cotton Face Mask (K.no....,₹299,4.2,6
526,Only 2141101002 Washable Cloth Mask With Melt Blown Fab...,₹559,3.3,26
527,"ROAR PACK 50, Layer_MWG_570N Surgical Mask With Melt Bl...",₹239,,
528,ASKOVID Surgical Face mask Disposable Unisex Face Mask ...,₹899,,
529,"Tri-Activ 6 Layer Protective Mask, PM2.5 / N95 Tested a...",₹240,,
530,BR FRISQY BL-35 Surgical Mask,₹199,,
531,TAOS 3 ply mask with meltblown fabric and internal nose...,₹249,,
532,"ROAR PACK 200, Layer_CNO_426H Surgical Mask With Melt B...",₹449,,
533,TAOS MASK Without Respirator Made with 5 Highly breatha...,₹229,4.4,7
534,Harry houdini Non Woven Fabric Unisex 3 Ply Surgical Ma...,₹500,,
535,"ROAR PACK OF 1 KN95 Mask Respirator, Pollution, Mask Re...",₹149,,
536,"Shop & Shoppee 100% Pure Cotton Cloth , Soft & Skin Fri...",₹194,,
537,Kathiyawad Shopping 10 Piece Washable mask Reusable mas...,₹299,3.8,486
538,Mtrocraft Certified Face Pollution Mask-Pack-6 Cotton M...,₹284,3.5,127
539,"Gleam N95 Face Mask, Anti-Pollution & Anti Virus Breath...",₹299,4.8,11
540,Toys Factory Cartoon Mask for Kids (For Girls) - Reusab...,₹199,3.2,63
541,Venus V4400 4400N95 N95 CERTIFIED YELLOW STRAP MASK,₹695,3.8,9
542,"CRETO KN95 6 Layers Reusable, Anti-Pollution Face Mask ...",₹249,3.5,468
543,VIP VSAVE 6 Layer Protective Air Mesh Mask | Pack Of 3 ...,₹379,4.4,23
544,"ROAR PACK 100, 3 PLY, DISPOSABLE MASK, NON WOVEN, MELT ...",₹299,,
545,dumppy 3 ply surgical disposable face mask 200pc Surgic...,₹799,,
546,"ROAR PACK 100, 3 PLY, DISPOSABLE MASK, NON WOVEN, MELT ...",₹299,,
547,"ROAR PACK 200, 3 PLY, DISPOSABLE MASK, NON WOVEN, MELT ...",₹449,,
548,NEA Mask-100)-1868 Surgical Mask With Melt Blown Fabric...,₹279,,
549,"NEA N95 / KN95 FFP2 5 Layer Reusable Anti - Pollution ,...",₹399,4.1,896
550,"ROAR PACK 50, Layer_QZD_564V Surgical Mask With Melt Bl...",₹239,,
551,3M Pollution Mask and Respirator 9004GV (Pack of 5),"₹1,299",3.8,8
552,3M N95 NOISH Approved with 95% Filtration Efficiency 82...,"₹2,980",4.1,51
553,TAOS MASK WITHOUT FILTER AND 5 LAYERS INCLUDING 2 LAYER...,₹249,4.8,8
554,FINCH KN95 Mask With 6 Layer Protection Medical Grade C...,₹149,3.3,109
555,Happy Traders Venus Best Quality Reusable With N95-Nozz...,₹189,3.6,"1,021"
556,"EcoNBioroots Multicolor Cotton Face Mask Reusable, Wash...",₹309,,
557,BILLION Protective Face Mask-154 Reusable and Washable ...,₹179,3.9,124
558,Peter England Protective Fabric Mask PECLMSKW52034,₹297,3.9,234
559,"NEA N95/KN95 5-Layer Anti- Pollution , Anti- Virus Reus...",₹249,3.9,611
560,Kiraro KN95/N95 Pollution Face Mask Without Respirator ...,₹189,,
561,Birde Filter Pro 5 Layer Triple Particle Filtration Sys...,₹129,3.8,"2,431"
562,3M 9004IN Layers of Filter Particulate Respirator Mask ...,"₹1,340",3.9,150
563,"NEA N95 / KN95 FFP2 5- Layer Reusable Anti-Pollution , ...",₹378,4.2,106
564,Young Trendz Anti-Pollution -Virus Saftey -Bike Rider -...,₹109,3.5,"5,998"
565,Vaquita Reusable mask respirator VPM2.5-1,₹134,,
566,"ROAR PACK 50, Layer_QTI_537C Surgical Mask With Melt Bl...",₹239,,
567,Chevit surgical mask--1_60 Surgical Mask With Melt Blow...,₹369,,
568,"ROAR PACK 50, 3 PLY, DISPOSABLE MASK, NON WOVEN, MELT B...",₹249,,
569,"Tri-Activ 6 Layer Protective Mask, PM2.5 / N95 Tested a...",₹240,,
570,Harry houdini Non Woven Fabric Unisex 3 Ply Disposable ...,₹199,,
571,"ROAR PACK 100, 3 PLY, DISPOSABLE MASK, NON WOVEN, MELT ...",₹299,,
572,"ROAR PACK 100, 3 PLY, DISPOSABLE MASK, NON WOVEN, MELT ...",₹299,,
573,"Gleam N95 Face Mask, Anti-Pollution & Anti Virus Breath...",₹299,4.8,11
574,"Herbal Aid Washable & Reusable CBFM1 Washable, Reusable...",₹157,,
575,Asian washable reusable face masks respirator for germ ...,₹990,3.7,284
576,3M Standard N95 1860 (Pack of 2) Health Care Disposable...,₹774,4.1,35
577,"HappiShoppi RSMPL-COMBO-6COL Water Resistant, Reusable,...",₹260,4.1,80
578,VeBNoR 50 Units Disposable 3 Ply Pharmaceutical Breatha...,₹199,3.8,"1,375"
579,VIP VSAVE 6 Layer Protective Air Mesh Mask | Pack Of 3 ...,₹379,4.4,23
580,Inktree Designer Printed Face Mask (D.No. 74) Cloth Mas...,₹129,4.2,6
581,"HEGO ""COMBO"" OF HIGH QUALITY (HEALTH CARE) ""COTTON"" clo...",₹270,,
582,"ROAR PACK 50, Layer_DDT_411C Surgical Mask With Melt Bl...",₹239,,
583,"NEA N95 / KN95 FFP2 5 Layer Reusable Anti - Pollution ,...",₹399,4.1,896
584,BADLAV 20 Units Disposable 3 Ply Mask Respirator with 3...,₹121,,
585,"ROAR PACK 50, Layer_YTK_582R Surgical Mask With Melt Bl...",₹239,,
586,"ROAR PACK 50, Layer_TFF_672S Surgical Mask With Melt Bl...",₹239,,
587,"ROAR PACK 100, Layer_BSV_405A Surgical Mask With Melt B...",₹299,,
588,"ROAR PACK 50, Layer_XQC_519M Surgical Mask With Melt Bl...",₹239,,
589,NEA KN95 / N95 Anti Pollution and Anti Viral 5 Layered ...,₹179,3.8,"1,444"
590,3M Pollution Mask and Respirator 9004GV (Pack of 8),₹549,4.2,41
591,Impulse Washable Reusable Outdoor Protection Face Mask ...,₹315,3.6,106
592,Legal Bribe 3-Layer Face Reusable Cotton Printed Masks ...,₹280,,
593,"NEA N95/KN95 5-Layer Anti- Pollution , Anti- Virus Reus...",₹249,3.9,611
594,H-Store Ninja Black Plain,₹149,3.9,234
595,Inktree Designer Printed Face Mask (D.No. 82) Cloth Mas...,₹129,3.7,18
596,"3M (Pack of 5) 9210+ Aura Particulate Respirator, NIOSH...","₹1,999",,
597,Hot Shot H95 Reusable Washable Anti-Haze and Pollution ...,₹349,3.7,202
598,"ROAR PACK 50, Layer_ROP_597A Surgical Mask With Melt Bl...",₹239,,
599,"NEA N95/KN95 -V 5 Layer Anti- Pollution, Anti- Virus Re...",₹129,3.9,"1,746"
600,F Gear CoroGuard F95 Safeguard Mask for Adult 7 layer I...,₹399,3.8,115
601,"VERGE KN95 Face Mask, Anti-Pollution & Anti Virus Breat...",₹174,3.5,162
602,KIARVI GALLERY Khadi Cotton Designer Mask Worked in Cot...,₹349,4.3,127
603,"NEA N95 / KN95 FFP2 5- Layer Reusable Anti-Pollution , ...",₹378,4.2,106
604,F Gear F95 Safeguard Mask for Adult 7 layer ISO CE SITR...,₹399,3.9,871
605,"ROAR PACK 50, Layer_TFF_672S Surgical Mask With Melt Bl...",₹239,,
606,"ROAR PACK 200, 3 PLY, DISPOSABLE MASK, NON WOVEN, MELT ...",₹449,,
607,Swadesi Stuff 3 Ply Anti Pollution Surgical Face Mask f...,₹229,3.4,164
608,"ROAR PACK 100, 3 PLY, DISPOSABLE MASK, NON WOVEN, MELT ...",₹299,,
609,"NEA N95 / KN95 FFP2 5 Layer Reusable Anti - Pollution ,...",₹399,4.1,896
610,"ROAR PACK 50, Layer_SDW_675D Surgical Mask With Melt Bl...",₹239,,
611,BADLAV 500 Units Disposable 3 Ply Pharmaceutical Breath...,₹999,,
612,3M Pack Of 5 9004 V Anti pollution White,₹988,3.7,39
613,"Tri-Activ 6 Layer Protective Mask, PM2.5 / N95 Tested a...",₹240,,
614,CENWELL UNISEX 100% COTTON PRINTED DESIGNER FACE MASK C...,₹250,4.3,7
615,Aircum Air-AN95 Shield Supermask reusable outdoor prote...,₹189,3.6,102
616,Asian washable reusable face masks for germ protection ...,₹360,4,123
617,Birde Family Pack N95 Mask Filter Pro 5 Layer Triple Pa...,₹499,4.3,10
618,SHIELD INDIA N95 / KN95 5 Layer Reusable / Washable Fac...,₹449,3.8,9
619,"Gleam N95 Face Mask, Anti-Pollution & Anti Virus Breath...",₹299,4.8,11
620,SILVER SHINE Cartoon Graphic Printed Reusable Pollution...,₹154,3.8,13
621,Zyaden Zyaden Mask MZ-50 Surgical Mask With Melt Blown ...,₹325,,
622,BADLAV surgical mask Reusable Surgical Mask With Melt B...,₹449,,
623,NEA KN95 / N95 Anti Pollution and Anti Viral 5 Layered ...,₹179,3.8,"1,444"
624,BADLAV 20 Units Disposable 3 Ply Mask Respirator with 3...,₹121,,
625,Hot Shot Health+Surgical Mask With Melt Blown Fabric La...,₹199,,
626,Ivaan 150 Units Disposable 3 Layer Pharmaceutical Breat...,₹399,3.4,196
627,kiyo SURGICAL Disposable 3 layer face mask SURGICAL Dis...,₹259,,
628,Servomate N95 Face Mask for Pollution (White) Reusable,₹156,3.6,56
629,"NEA N95/KN95 -V 5 Layer Anti- Pollution, Anti- Virus Re...",₹129,3.9,"1,746"
630,Inktree Designer Printed Face Mask (D.No. 76) Cloth Mas...,₹129,3.3,24
631,"Herbal Aid New Black Pollution Mask Pack of 8 Reusable,...",₹138,3.3,999
632,"Asian MASK-1001-GRYCAMO,BLK-2 Cloth Mask With Melt Blow...",₹245,3.7,97
633,VIP VSAVE 6 Layer Protective Air Mesh Mask | Pack Of 3 ...,₹379,4.4,23
634,Asian Asian washable reusable face masks for germ prote...,₹125,4.1,45
635,Pockester Health+ N95 Anti Pollution/Virus/Bacteria Act...,₹299,,
636,HAVIYA Cotton Printed Fashionable-6 Washable Cloth Mask,₹198,3.7,3
637,"ROAR PACK 50, 3 PLY, DISPOSABLE MASK, NON WOVEN, MELT B...",₹249,,
638,"ROAR PACK 50, Layer_QTI_537C Surgical Mask With Melt Bl...",₹239,,
639,"NEA N95/KN95 5-Layer Anti- Pollution , Anti- Virus Reus...",₹249,3.9,611
640,Swiggy 1001 Cotton Cloth mask Mouth Nose Cover Anti-pol...,₹359,,
641,Swasa N95 MASK | 5 LAYERED | USED BY FRONTLINERS (DOCTO...,"₹1,950",4,29
642,Peter England PECLMSKW52058N Cloth Mask With Melt Blown...,₹339,4,53
643,"NEA N95 / KN95 FFP2 5- Layer Reusable Anti-Pollution , ...",₹378,4.2,106
644,"ROAR PACK 50, Layer_YTK_582R Surgical Mask With Melt Bl...",₹239,,
645,"ROAR PACK 50, Layer_XQC_519M Surgical Mask With Melt Bl...",₹239,,
646,VYBBA 3 LAYERS PHARMACEUTICAL MASK PACK OF 200 3 PLY SU...,₹399,3.6,"1,226"
647,"ROAR PACK 100, Layer_LUI_576P Surgical Mask With Melt B...",₹299,,
648,Reforce RF40MSK-004 Surgical Mask,₹359,,
649,"Tri-Activ 6 Layer Protective Mask, PM2.5 / N95 Tested a...",₹240,,
650,Orget Health Mask-3ply Disposable Mouth Surgical Masks ...,₹189,,
651,Herbal Aid KN95 KN95 Double Square Black Filter 1 Reusa...,₹185,,
652,Livinguard L Street Large (Bombay Blue) Cloth Mask,"₹1,490",,
653,"Gleam N95 Face Mask, Anti-Pollution & Anti Virus Breath...",₹299,4.8,11
654,Mtrocraft N Polution Mask-Grey-Pack-2,₹178,3.4,177
655,VRT Unisex Adjustable Anti-Dust Anti Pollution Reusable...,₹169,3.8,165
656,"LA'FORTE without Valve mask respirator Water Resistant,...",₹484,3.7,55
657,Venus V4400 4400N95 N95 CERTIFIED YELLOW STRAP MASK,₹695,3.8,9
658,CENWELL Unisex 100% Cotton Printed Designer Printed Fac...,₹200,4.1,16
659,VIP VSAVE 6 Layer Protective Air Mesh Mask | Pack Of 3 ...,₹379,4.4,23
660,"ROAR PACK 100, 3 PLY, DISPOSABLE MASK, NON WOVEN, MELT ...",₹299,,
661,QTSY 3 Ply Face Mask - Surgical Face Mask For Virus Pro...,₹245,,
662,"ROAR PACK 100, 3 PLY, DISPOSABLE MASK, NON WOVEN, MELT ...",₹299,,
663,"NEA N95 / KN95 FFP2 5 Layer Reusable Anti - Pollution ,...",₹399,4.1,896
664,"ROAR PACK 50, 3 PLY, DISPOSABLE MASK, NON WOVEN, MELT B...",₹249,,
665,Chevit surgical mask --1_36 Surgical Mask With Melt Blo...,₹189,,
666,Dvis Disposable 3Ply Surgical Face Mask Surgical Mask,₹230,,
667,3M P1 3M 9000ING Dust / Mist Respirator Mask RP3M?9000I...,₹170,3.9,20
668,Venus V-410-V ISI Approved Anti Pollution Mask with Val...,₹154,3.1,327
669,"WeCool N95 Mask Resuable with 5 layered Protection , An...",₹389,4,378
670,MMShopy Grey w410 mask respirator,₹133,4,238
671,BASE 41 Reusable and Washable Child Mouth Mask Cartoon ...,₹221,3.3,125
672,"Asian -1001-PNK, -2 Reusable Cloth Mask With Melt Blown...",₹245,3.7,74
673,NEA KN95 / N95 Anti Pollution and Anti Viral 5 Layered ...,₹179,3.8,"1,444"
674,Cafley Triple Shield Reusable Protection Mask CAF06 Clo...,₹169,3.1,524
675,MMShopy KIDS MULTI COLOR MASK -PACK OF 5 (Print may var...,₹358,4.2,6
676,"GUBB 3 Ply Face Mask With Nose Pin, 3 Layer Surgical Ma...",₹500,3.6,5
677,"ROAR PACK 50, Layer_WRM_588T Surgical Mask With Melt Bl...",₹239,,
678,Chevit surgical mask--1_200 Surgical Mask With Melt Blo...,₹999,,
679,TAOS MASK WITHOUT FILTER AND 5 LAYERS INCLUDING 2 LAYER...,₹249,4.8,8
680,"Gleam KN95/N95 with Filter Face Mask, Anti-Pollution & ...",₹349,,
681,"Matzo Natural Disposable ASTM F2100, with soft Ear Loop...",₹299,3.9,129
682,Dvis 3 PlySurgical Mask Surgical Mask,₹239,,
683,"Tri-Activ 6 Layer Protective Mask, PM2.5 / N95 Tested a...",₹240,,
684,"ROAR PACK 50, 3 PLY, DISPOSABLE MASK, NON WOVEN, MELT B...",₹249,,
685,ZORO P40 Surgical Mask,₹220,,
686,BLUEDOT 3 Ply face mask Pack of 110 Surgical Mask With ...,₹259,3.7,6
687,Chevit surgical mask--1_150 Surgical Mask With Melt Blo...,₹749,,
688,"ROAR PACK 100, 3 PLY, DISPOSABLE MASK, NON WOVEN, MELT ...",₹299,,
689,NEA KN95 / N95 Anti Pollution and Anti Viral 5 Layered ...,₹179,3.8,"1,444"
690,3M Pack Of 6 9004IN Anti pollution White,₹663,3.3,70
691,Puma Kid's (4-6 years) Graphic Printed Face Mask Set of...,₹499,4,6
692,Peter England Protective Fabric Mask PECLMSKW52028,₹297,3.5,234
693,TAOS MASK Without Respirator Made with 5 Highly breatha...,₹229,4.4,7
694,MMShopy KIDS ASSORTED CARTOON MASK -PACK OF 5 KIDS COLO...,₹449,4.1,7
695,"FADISO KN95/N95 with Filter Blue Face Mask, Anti-Pollut...",₹279,3.8,21
696,GUILDFORD Pack of 50 Mask-3ply Disposable Face Masks Pa...,₹599,4.3,4
697,Fort Collins Reusable Outdoor Protection Mask 118,₹299,3.7,133
698,Geo nature 40-MASK Surgical Mask With Melt Blown Fabric...,₹399,3.4,7
699,"Gleam N95 Face Mask, Anti-Pollution & Anti Virus Breath...",₹299,4.8,11
700,L.O.F. Lords of Fashion LOF 3PLY DISPOSABLE FACE MASK (...,₹149,,
701,"ROAR PACK 200, 3 PLY, DISPOSABLE MASK, NON WOVEN, MELT ...",₹449,,
702,Hot Shot Health+Surgical Mask With Melt Blown Fabric La...,₹249,,
703,"NEA N95/KN95 -V 5 Layer Anti- Pollution, Anti- Virus Re...",₹129,3.9,"1,746"
704,"IMMUTABLE Surgical Face Mask, Anti Pollution, 3 Ply Fac...",₹249,3,128
705,BADLAV 150 Units Disposable 3 Layer Pharmaceutical Brea...,₹379,,
706,Breathwell MASQUE NASO-BUCCAL COMFORTGEL,"₹1,990",,
707,"HEGO ""COMBO"" OF HIGH QUALITY (HEALTH CARE) 100% ""COTTON...",₹239,,
708,"Youth Club Washable , Reusable Anti Pollution Beautiful...",₹249,,
709,"NEA N95 / KN95 FFP2 5 Layer Reusable Anti - Pollution ,...",₹399,4.1,896
710,Asian washable reusable face masks for germ protection ...,₹245,3.9,205
711,MMShopy N95 ANTI POLLUTION MASK YELLOW 2.5 Activated ca...,₹133,3.9,877
712,Asian washable reusable face masks for germ protection ...,₹245,3.4,316
713,VIP VSAVE 6 Layer Protective Air Mesh Mask | Pack Of 3 ...,₹379,4.4,23
714,SlowLoris SLDMMP 1 Cloth Mask,₹80,3.5,28
715,RAMBAN 100 Units Disposable 3 Ply Pharmaceutical Breath...,₹299,,
716,Dvis Anti Pollution Disposable Surgical Face Mask Surgi...,₹215,,
717,BADLAV surgical mask Surgical Mask With Melt Blown Fabr...,₹299,,
718,"ROAR PACK 100, Layer_DDT_411C Surgical Mask With Melt B...",₹299,,
719,"NEA N95/KN95 5-Layer Anti- Pollution , Anti- Virus Reus...",₹249,3.9,611
720,Metronaut reusable outdoor breathable mask SH - Mask06 ...,₹225,3.8,134
721,QTSY Anti Pollution Protective Face 3 PLY Mask Flu & Vi...,₹219,,
722,NEA Mask-100)-1958 Surgical Mask With Melt Blown Fabric...,₹279,2.7,6
723,"Tri-Activ 6 Layer Protective Mask, PM2.5 / N95 Tested a...",₹240,,
724,KIHOME Disposable Unisex Face Mask Medical Dental Anti-...,₹129,3.5,36
725,harry houdini MASK BULK B Surgical Mask With Melt Blown...,₹117,,
726,3W Surgical Nose Pin Anti Pollution Mask with 4 Layer P...,₹269,4.2,76
727,BADLAV mask 30 pack 30 Units Disposable 3 Layer Pharmac...,₹119,3.7,22
728,Breathwell MASQUE NASO-BUCCAL COMFORTGEL,"₹1,990",,
729,TAOS MASK Without Respirator Made with 5 Highly breatha...,₹229,4.4,7
730,Peter England Protective Fabric Mask PECLMSKW52028,₹297,3.5,234
731,Cafley KN95 Reusable pollution protection CGM5,₹140,3.8,433
732,MMShopy N95 ANTI POLLUTION MASK YELLOW 2.5 Activated ca...,₹133,3.9,877
733,"Gleam N95 Face Mask, Anti-Pollution & Anti Virus Breath...",₹299,4.8,11
734,Vaquita k95F-1,₹260,,
735,"Asian -1001- ,WHT-2 Reusable Cloth Mask With Melt Blown...",₹245,4,94
736,3M 9000 ING FACE MASK Anti Pollution N95 PM2.5 Air Filt...,₹325,3.3,935
737,Harry houdini Non Woven Fabric Unisex 3 Ply Surgical Ma...,₹680,,
738,NEJA Surgical Mask With Melt Blown Fabric Layer Surgica...,₹160,,
739,"NEA N95/KN95 -V 5 Layer Anti- Pollution, Anti- Virus Re...",₹129,3.9,"1,746"
740,BADLAV 300 Units Disposable 3 Ply Pharmaceutical Breath...,₹649,,
741,BR FRISQY BL-40 Surgical Mask,₹165,,
742,Hot Shot Health+Surgical Mask With Melt Blown Fabric La...,₹199,,
743,"NEA N95 / KN95 FFP2 5 Layer Reusable Anti - Pollution ,...",₹399,4.1,896
744,Harry houdini Non Woven Fabric Unisex 3 Ply Surgical Ma...,₹750,,
745,Venus V-44+ (Pack of 25) Occuational Safety/Anti-Pollut...,"₹2,500",4.2,6
746,HSR Washable Reusable Face Masks for Germ Protection | ...,₹299,4.1,198
747,WINWELL PUBG designer Kids pollution Mask for kids scho...,₹120,3.3,160
748,"GlassZone KN95- 5 Layer Reusable, Antipollution Mask wi...",₹130,3.6,571
749,VIP VSAVE 6 Layer Protective Air Mesh Mask | Pack Of 3 ...,₹379,4.4,23
750,SKC FM01,₹139,3.4,"5,002"
751,BlueShine KN95/N95 Pollution Respirator Face Mask washa...,₹249,2.8,59
752,DICY NIPRA 100% Cotton Anti Pollution Anti Heat Anti Du...,₹567,4,143
753,NEA KN95 / N95 Anti Pollution and Anti Viral 5 Layered ...,₹179,3.8,"1,444"
754,HARRY HOUDINI HH M PK 50 Surgical Mask With Melt Blown ...,₹330,,
755,House Of Sensation Disposable 3 Ply Surgical Face Mask ...,₹138,2.8,36
756,Harry houdini Non Woven Fabric Unisex 3 Ply Surgical Ma...,₹400,,
757,Harry houdini Non Woven Fabric Unisex 3 Ply Disposable ...,₹99,,
758,"ROAR PACK 50, 3 PLY, DISPOSABLE MASK, NON WOVEN, MELT B...",₹249,,
759,"NEA N95/KN95 5-Layer Anti- Pollution , Anti- Virus Reus...",₹249,3.9,611
760,"ROAR PACK 50, 3 PLY, DISPOSABLE MASK, NON WOVEN, MELT B...",₹239,,
761,QTSY Anti Pollution Protective Face Mask Flu & Virus Pr...,₹223,,
762,3 Sepedge 3PLY-MASK-60 Surgical Mask With Melt Blown Fa...,₹194,,
763,"Tri-Activ 6 Layer Protective Mask, PM2.5 / N95 Tested a...",₹240,,
764,"ROAR PACK 200, Layer_WTG_531A Surgical Mask With Melt B...",₹449,,
765,Azibo Medisure Anti-Pollution Dust /Pollution Pharmaceu...,₹599,,
766,Friendskart Health+ Surgical Mask 2PLY-MASK-10 Surgical...,₹70,3.5,20
767,Herbal Aid KN95 N95 Square Filter Black Mask 1 Reusable,₹179,,
768,Kiraro KN95/N95 Pollution Face Mask Without Filter wash...,₹299,,
769,TAOS MASK Without Respirator Made with 5 Highly breatha...,₹229,4.4,7
770,SanNap N95 Mask with Breathing Valve N95 Reusable,₹149,3.6,596
771,Kansville ANTI VIRAL ANTI POLLUTION 100% COTTON FACE MA...,₹749,,
772,Puma Face Mask (2 pcs) WMN 5409901 Washable Cloth Mask,₹499,4.3,565
773,"Gleam N95 Face Mask, Anti-Pollution & Anti Virus Breath...",₹299,4.8,11
774,Ivaan Multi Color Unisex Reusable & Washable N-95 5 Lay...,₹349,3.7,"3,559"
775,Inktree Designer Printed Face Mask (D.No. 32) Cloth Mas...,₹129,3.9,84
776,Harry houdini Non Woven Fabric Unisex 3 Ply Disposable ...,₹426,,
777,"RockJon 3 Ply Mask With Nose Pin, Pink Surgical Face Ma...",₹569,3.3,8
778,Kolorfame Surgical Tie Face Mask (3PLY) Great for Virus...,₹249,,
779,VIP VSAVE 6 Layer Protective Air Mesh Mask | Pack Of 3 ...,₹379,4.4,23
780,JINKAI AB-50 Surgical Mask With Melt Blown Fabric Layer,₹399,,
781,Dvis 3ply surgical Masks Surgical Mask,₹699,,
782,Kolorfame Surgical Tie Face Mask (3PLY) Great for Virus...,₹699,,
783,"NEA N95 / KN95 FFP2 5 Layer Reusable Anti - Pollution ,...",₹399,4.1,896
784,3M 9332+ Aura Disposable Respirator Mask,₹499,5,1
785,EUME EUME Protect+ 95 Face 2800001_Black Reusable Cloth...,₹340,4.1,177
786,"FADISO KN95/N95 with Filter Yellow Face Mask, Anti-Poll...",₹229,3.4,12
787,Birde Filter Pro 5 Layer Triple Particle Filtration Sys...,₹379,3.7,457
788,Status N95 Mask with Surgical Mask N95mask5pcs_5pcs_sur...,₹349,3.8,18
789,NEA KN95 / N95 Anti Pollution and Anti Viral 5 Layered ...,₹179,3.8,"1,444"
790,Flipkart SmartBuy Health+ Hexaprotect Reusable Outdoor ...,₹559,4,245
791,Inktree Designer Printed Face Mask (D.No. 60) Cloth Mas...,₹129,3.4,20
792,"ROAR PACK 100, Layer_MZT_609E Surgical Mask With Melt B...",₹299,,
793,"WeCool N95 Mask Resuable with 5 layered Protection , An...",₹389,4,378
794,QTSY Surgical Mask 100 Surgical Mask,₹599,,
795,Kolorfame Surgical Tie Face Mask (3PLY) Great for Virus...,₹149,,
796,"Bienne Surgical Face Mask, Anti Pollution, 3 Ply Face M...",₹195,,
797,3 Sepedge 2PLY-MASK-25 Surgical Mask With Melt Blown Fa...,₹120,,
798,CAPIO ART FM10 Surgical Mask With Melt Blown Fabric Lay...,₹94,5,3
799,"NEA N95/KN95 5-Layer Anti- Pollution , Anti- Virus Reus...",₹249,3.9,611
800,Mtrocraft 3PLY Certified Surgical mask-20 3PLY SURGICAL...,₹189,3.5,4
801,"HSR 3 layer Disposable Face mask Anti flu , Virus prote...",₹299,4,8
802,Eduway Disposable 3- Ply Mask (Pack of 200) For Virus P...,₹569,,
803,"NEA N95 / KN95 FFP2 5- Layer Reusable Anti-Pollution , ...",₹378,4.2,106
804,Dvis 3-Ply Disposable Surgical face Mask Surgical Mask ...,₹125,,
805,Orget Health Mask-3ply Disposable Mouth Surgical Masks ...,₹549,,
806,3M Pack Of 4 9004ING Anti pollution White,₹320,3.2,30
807,Asian washable reusable face masks for germ protection ...,₹125,3.5,402
808,Aircum Air-AN95 Shield Supermask reusable outdoor 5 Lay...,₹99,3.6,884
809,"Tri-Activ 6 Layer Protective Mask, PM2.5 / N95 Tested a...",₹240,,
810,DEFINITELY N95 Washable/Reusable Face Mask for Men and ...,₹199,3.4,572
811,"Gleam N95 Face Mask, Anti-Pollution & Anti Virus Breath...",₹149,4,131
812,Flipkart SmartBuy Cotton Fabric Washable Mask FLRBLUE3,₹239,4.5,2
813,"Gleam N95 Face Mask, Anti-Pollution & Anti Virus Breath...",₹299,4.8,11
814,"Sugero N95 Non-Woven Cloth Mask for Pollution & Dust, w...",₹222,,
815,Dvis 3ply surgical Masks Surgical Mask,₹660,,
816,"Extavo Extavo surgical face mask, pack of 150, 3 play f...",₹480,3,3
817,Kiraro 300 Units Disposable 3 Layer Pharmaceutical Brea...,₹799,,
818,Mtrocraft 3PLY Certified Surgical mask-200 3PLY SURGICA...,₹600,,
819,VIP VSAVE 6 Layer Protective Air Mesh Mask | Pack Of 3 ...,₹379,4.4,23
820,"Bienne Surgical Face Mask, Anti Pollution, 3 Ply Face M...",₹290,,
821,ZORO P30 Surgical Mask,₹206,,
822,Quick Shel LIFETIME REUSABLE WASHABLE FACE MASK OF 180G...,₹260,3.5,10
823,"NEA N95 / KN95 FFP2 5 Layer Reusable Anti - Pollution ,...",₹399,4.1,896
824,Marabous N95 & KN95 Mask Respirator Pollution Breathabl...,₹299,3.6,24
825,Orvax Filter Mask Anti Air Filter Mouth Nose Cover Blac...,₹225,,
826,Venus V4400 N95 Anti Pollution Face Mask ( Pack of 4 ),₹360,3.4,272
827,blue seed KN95/N95 with Filter Face Mask Color Combo,₹191,4.1,54
828,"KoperMed KN 95 Mask with Meltblown Layer Reusable, Wash...",₹220,,
829,NEA KN95 / N95 Anti Pollution and Anti Viral 5 Layered ...,₹179,3.8,"1,444"
830,Docare Kids Cartoon Print KN95-PO2 Reusable,₹100,3.8,8
831,Geo nature 30-MASK Surgical Mask With Melt Blown Fabric...,₹299,3.9,7
832,Linenovation Disposable 3-Ply Non-Woven Face Cover with...,₹229,,
833,"NEA N95/KN95 5-Layer Anti- Pollution , Anti- Virus Reus...",₹249,3.9,611
834,BR FRISQY BL-25 Surgical Mask,₹220,,
835,Peter Jones Mouth Respirator Medical Disposable Face Ma...,₹215,,
836,GetConnected Combo of 10 Piece Surgical Mask 3 Filter L...,₹89,3.6,125
837,"SHIELD INDIA Surgical Face Mask, Anti Pollution, 3 Ply ...",₹399,,
838,Herbal Aid N95 N95 DSFGM 1 Reusable,₹179,,
839,Jack & Jones 214066301 Cloth Mask With Melt Blown Fabri...,₹399,4,23
840,"starvis 3-ply Anti Dust Smoke Sun Protection, Anti Flu ...",₹749,3.7,10
841,BR FRISQY BL-25 Surgical Mask,₹220,,
842,Dvis Unisex Disposable Nose Mouth Protection Cover with...,₹475,3.7,3
843,"Tri-Activ 6 Layer Protective Mask, PM2.5 / N95 Tested a...",₹240,,
844,TAOS 3 ply mask with meltblown fabric and internal nose...,₹299,,
845,"3M Antipollution Dust/Mist Riding Respirator (White, Pa...",₹599,3.9,8
846,3 Sepedge N-95 (FFP2) with Filter Face Mask (pack of 1)...,₹130,4.5,4
847,"Markloan N-95_05 Air Filter Face Mask Reusable,Washable...",₹205,3.5,"3,182"
848,BodyGuard Reusable Anti Pollution Mask with Activated C...,₹299,3.7,"2,256"
849,TAOS MASK Without Respirator Made with 5 Highly breatha...,₹229,4.4,7
850,BILLION Protective Face Mask N-212 Reusable and Washabl...,₹269,3.7,348
851,Sugero 5 Layers Non Woven Cloth Mask for Pollution SGC0...,₹199,,
852,EUME EUME Protect+ 95 Face 2800001_Black Reusable Cloth...,₹340,4.1,177
853,"Gleam N95 Face Mask, Anti-Pollution & Anti Virus Breath...",₹299,4.8,11
854,JMS Surgical Mask SM-400 Surgical Mask With Melt Blown ...,₹679,3.6,13
855,"LocalRama 3-Ply-225 Reusable, Water Resistant Surgical ...",₹579,,
856,Lavella 200 3 PLY BLUE Surgical Mask,₹299,3.5,490
857,myswa wecare Pack of 50 Wecare 3PLY Non Woven Disposabl...,₹325,,
858,Extavo surgical face mask S-M-10 PS Water Resistant Sur...,₹60,3.3,22
859,NEA KN95 / N95 Anti Pollution and Anti Viral 5 Layered ...,₹179,3.8,"1,444"
860,VYBBA PHARMACEUTICAL MASK PACK OF 100 3 PLY SURGICAL MA...,₹199,3.5,"1,656"
861,Herbal Aid N95 N95 DSFGM 1 Reusable,₹179,,
862,JMD Nature 1st N99 cotton Face Mask Washable And Reusab...,₹199,3.7,108
863,"NEA N95/KN95 -V 5 Layer Anti- Pollution, Anti- Virus Re...",₹129,3.9,"1,746"
864,"Attache N95 with Filter Face Mask, Anti-Pollution & Ant...",₹199,3.8,112
865,Jack & Jones 214091801 Cloth Mask With Melt Blown Fabri...,₹639,,
866,"Venus Respirator Mask, Yellow (Pack of 3)",₹209,3.4,156
867,LocalRama Washable/Reusable KN95 Pollution & Virus Prot...,₹249,3.8,36
868,F Gear F95 Safeguard Mask for Adult 7 layer ISO CE SITR...,₹399,4.1,145
869,VIP VSAVE 6 Layer Protective Air Mesh Mask | Pack Of 3 ...,₹379,4.4,23
870,Kolorfame Surgical Tie Face Mask (3PLY) Great for Virus...,₹399,,
871,shoora arts MPK20 Surgical Mask With Melt Blown Fabric ...,₹220,,
872,DVIS 3 Ply face mask Non-Woven Disposable Surgical Face...,₹260,,
873,"NEA N95 / KN95 FFP2 5 Layer Reusable Anti - Pollution ,...",₹399,4.1,896
874,Geo nature 30-MASK Surgical Mask With Melt Blown Fabric...,₹299,3.9,7
875,Shop & Shoppee 3 layer 3Ply Surgical Mask With Melt Blo...,₹249,,
876,"Rockjon Disposable 3Ply Surgical Face Mask - Anti-dust,...",₹188,,
877,Cafley  5 Layer Triple Particle Filtration System FDA a...,₹199,3.7,6
878,MedFest (Pack of 3) CZN95 Reusable 5 Layer Mask with Re...,₹285,,
879,"NEA N95/KN95 5-Layer Anti- Pollution , Anti- Virus Reus...",₹249,3.9,611
880,"DawnRays Surgical Face Mask, Anti Pollution, 3 Ply Face...",₹349,,
881,Zyaden MZ-20 Surgical Mask With Melt Blown Fabric Layer,₹175,,
882,SKC Surgical Mask Germ Protection SM-20 Surgical Mask W...,₹149,,
883,NEA KN95 / N95 Anti Pollution and Anti Viral 5 Layered ...,₹179,3.8,"1,444"
884,"3M Anti Dust Smoke Sun Protection Mask, Anti Flu Respir...",₹419,3.7,10
885,Mtrocraft Protection Medical Grade Comfortable Wear-N-3...,₹249,3.8,29
886,Mtrocraft N-95 Polution Mask-2blue/3black-Pack-5,₹278,3.7,16
887,BASE 41 Reusable and Washable Anti-Pollution Dust Unise...,₹199,3.7,68
888,DKND Ventures DKND Ventures N95 & KN95 Mask Pollution B...,₹698,3.8,5
889,"Tri-Activ 6 Layer Protective Mask, PM2.5 / N95 Tested a...",₹240,,
890,SlowLoris SLDMPP 1 Cloth Mask,₹80,3.6,8
891,Pockester KIDS Printed Reusable Cotton Face Mask (K.no....,₹299,3.9,13
892,GetConnected Combo of 10 Piece Surgical Mask 3 Filter L...,₹89,3.6,125
893,NEA COTTON 3-LAYER PROTECTIVE REUSABLE Mask Respirator ...,₹579,4.2,"2,641"
894,Kolorfame Surgical Tie Face Mask (3PLY) Great for Virus...,₹179,,
895,"Prime Safe 3 Ply Disposable Surgical Mask ,Dust Mask Pa...",₹349,3.8,4
896,"LocalRama 3-Ply-75 Reusable, Water Resistant Surgical M...",₹224,,
897,Peter Jones Mouth Respirator Medical Disposable Face Ma...,₹215,,
898,NEJA 3 Layer Non Woven Fabric Premium Surgical Mask (Fr...,₹335,,
899,NEA COTTON 3-LAYER PROTECTIVE REUSABLE FACE Mask Respir...,₹249,4,38
900,"ROAR YMF_645K_KN95 Mask Respirator, Pollution, Mask Res...",₹149,3.5,2
901,Accu-Mask 100% Reusabale Mask With Respirato Air Filter,₹89,3.6,174
902,Birde BRD-Respirator mask-WHT-5,₹349,2.7,53
903,"Gleam N95 Face Mask, Anti-Pollution & Anti Virus Breath...",₹299,4.8,11
904,VeBNoR PACK OF 3 N95 mask reusable N95 mask washable Co...,₹169,3.6,396
905,Magadis N95 mask without filter high quality Non-woven ...,₹279,3.8,19
906,Vimal Jonney MASK_PRT_NO_1_NVY_0015 Washable Cloth Mask,₹471,,
907,Bodyguard Reusable Anti Pollution Face Mask with Activa...,₹299,3.9,"1,440"
908,Linenovation Disposable 3-Ply Non-Woven Face Cover with...,₹229,,
909,VIP VSAVE 6 Layer Protective Air Mesh Mask | Pack Of 3 ...,₹379,4.4,23
910,Eliq 3 Ply Face Mask - Surgical Face Mask For Virus Pro...,₹598,,
911,"MrTech Anti Pollution, 3 Ply Face Mask Surgical Mask Wi...",₹429,,
912,Geo nature 50-MASK Surgical Mask With Melt Blown Fabric...,₹149,3.6,55
913,"NEA N95 / KN95 FFP2 5 Layer Reusable Anti - Pollution ,...",₹399,4.1,896
914,"DawnRays Surgical Face Mask, Anti Pollution, 3 Ply Face...",₹199,,
915,Callesta 3 ply surgical protection mask against virus a...,₹650,,
916,3M Particulate Respirator 9000ing with 8210-N95 (Pack o...,₹598,3.3,6
917,Zedd 100% Pure Linen Face Mask 3 Layer Filtration Syste...,₹399,3.9,16
918,"careview N95 | FFP2 FDA, CE, DRDO Certified Protective ...",₹699,4.5,13
919,"NEA N95/KN95 5-Layer Anti- Pollution , Anti- Virus Reus...",₹249,3.9,611
920,Fabaro 25pcs Surgical Mask With Melt Blown Fabric Layer,₹199,,
921,DEFINITELY Disposable Air Pollution & Protection Mask F...,₹149,,
922,Herbal Aid Flag Print Flag Print,₹169,3.3,184
923,"Tri-Activ 6 Layer Protective Mask, PM2.5 / N95 Tested a...",₹240,,
924,Mtrocraft N-95 Polution Mask-6 Multi color-Pack-10,₹514,3.6,65
925,BE SAFE Forever N95 Anti Pollution Face Mask with Activ...,₹289,3.7,459
926,SHEEN Respirator KN 95 Mask (Pack of 4) SMKN95_PK4,₹249,3.7,33
927,"MELVIS KN95 Reuseable, Anti-Pollution KN95 MASK",₹298,3.4,515
928,F Gear Pearl F95 Mask for Adult 7 layer ISO CE SITRA la...,₹299,4.2,33
929,"Gleam N95 Face Mask, Anti-Pollution & Anti Virus Breath...",₹299,4.8,11
930,PrettyKrafts 3-Ply Mask Set of 50 mask - WvYellow Cloth...,₹480,,
931,"LocalRama 3-Ply-90 Reusable, Water Resistant Surgical M...",₹278,,
932,"LocalRama 3-Ply-125 Water Resistant, Reusable Surgical ...",₹384,,
933,VIP VSAVE 6 Layer Protective Air Mesh Mask | Pack Of 3 ...,₹379,4.4,23
934,NEJA 150 Units Disposable 3 Ply Pharmaceutical Breathab...,₹449,,
935,Orget Melt Blown Fabric Layer Mask Health Mask-3ply Dis...,₹349,,
936,"LocalRama 3-Ply-250 Water Resistant, Reusable Surgical ...",₹639,,
937,Adbeni Stitched Non Woven Fabric ADB3P-6 Surgical Mask ...,₹849,3.7,3
938,"Herbal Aid Reusable & Washable Mask H500 H Reusable, Wa...","₹1,529",,
939,"NEA N95 / KN95 FFP2 5 Layer Reusable Anti - Pollution ,...",₹399,4.1,896
940,VYBBA N-95 Mask With 6 Layer Protection Medical Grade C...,₹279,3.3,97
941,Metronaut reusable outdoor breathable mask SH - Mask03 ...,₹225,3.7,98
942,Vimal Jonney MASK_PRT_NO_1_NVY_0015 Washable Cloth Mask,₹471,,
943,NEA KN95 / N95 Anti Pollution and Anti Viral 5 Layered ...,₹179,3.8,"1,444"
944,Birde BRD-Respirator mask-WHT-5,₹349,2.7,53
945,"WeCool N95 Mask Resuable with 5 layered Protection , An...",₹389,4,378
946,SlowLoris SLDMBP 1 Cloth Mask,₹80,3.9,25
947,"starvis Face Mask , pollution mask , anti-dust mask (3 ...",₹254,,
948,Eduway Disposable 3- Ply Mask (Pack of 150) For Virus P...,₹449,,
949,"NEA N95/KN95 5-Layer Anti- Pollution , Anti- Virus Reus...",₹249,3.9,611
950,JMS Surgical Mask SM-20 Surgical Mask With Melt Blown F...,₹139,,
951,"Pace International Health+Surgical Face Mask, 3 Ply mas...",₹120,,
952,L.O.F. Lords of Fashion PLYMASK_25 Surgical Mask,₹175,,
953,"NEA N95/KN95 -V 5 Layer Anti- Pollution, Anti- Virus Re...",₹129,3.9,"1,746"
954,myswa wecare 3PLY Non Woven Disposable Face Mask (Pack ...,₹499,,
955,Cafley Reusable Anti pollution KN95 protection CGM4,₹185,3.7,29
956,VeBNoR PACK OF 3 N95 mask reusable N95 mask washable Co...,₹169,3.6,396
957,Marabous N95 & KN95 Mask Respirator Pollution Breathabl...,₹299,3.6,24
958,A-CLASS Air-AN95 Shield Supermask reusable outdoor prot...,₹249,3.9,34
959,Jack & Jones 214066301 Cloth Mask With Melt Blown Fabri...,₹399,4,23
960,Casa Confort mask100_3 Surgical Mask,₹289,,
961,Herbal Aid H500 N95 H500 H 7 Reusable,"₹1,339",,
962,SlowLoris SLDMBP 1 Cloth Mask,₹80,3.9,25
963,"Tri-Activ 6 Layer Protective Mask, PM2.5 / N95 Tested a...",₹240,,
964,Pockester KIDS Reusable Outdoor Protection Mask 8276212...,₹169,4,130
965,3M 9000ING 9000 ING Antipollution N95 AND PM2.5 FILTER,₹170,3.3,402
966,"Icable Kids Anti-Pollution, Anti Cloth Mask",₹179,3.3,96
967,Pockester POC-MC0144 Cloth Mask With Melt Blown Fabric ...,₹399,3.8,12
968,3M 9504 IN Anti-Pollution Washable Mask | 9 Mask Includ...,"₹1,380",,
969,TAOS MASK Without Respirator Made with 5 Highly breatha...,₹229,4.4,7
970,SKC Surgical Mask SM-75 Surgical Mask With Melt Blown F...,₹199,,
971,"LocalRama 3-Ply-125 Water Resistant, Reusable Surgical ...",₹384,,
972,L.O.F. Lords of Fashion PLYMASK_25 Surgical Mask,₹175,,
973,"Gleam N95 Face Mask, Anti-Pollution & Anti Virus Breath...",₹299,4.8,11
974,"LocalRama 3-Ply-250 Water Resistant, Reusable Surgical ...",₹639,,
975,"Pace International Health+Surgical Face Mask, 3 Ply mas...",₹120,,
976,Orget Melt Blown Fabric Layer Mask Health Mask-3ply Dis...,₹349,,
977,"Herbal Aid Reusable & Washable Mask H500 M Reusable, Wa...","₹1,339",,
978,Inktree Designer Printed Face Mask (D.No. 64) Cloth Mas...,₹129,2.9,19
979,VIP VSAVE 6 Layer Protective Air Mesh Mask | Pack Of 3 ...,₹379,4.4,23
980,DAGCROS Virus Safety- Anti Pollution-Bike Rider-Cotton ...,₹138,3.8,45
981,E mart KN95_without_filter_15 Washable,₹385,,
982,Lioncrown HerringBone Reusable Layered Coated,"₹1,549",3.7,21
983,"NEA N95 / KN95 FFP2 5 Layer Reusable Anti - Pollution ,...",₹399,4.1,896
984,"WeCool N95 Mask Resuable with 5 layered Protection , An...",₹389,4,378
985,REVERB Pack of 5 Grey Colored-2 Layered-Washable & Reus...,₹299,3.6,21
986,myswa wecare 3PLY Non Woven Disposable Face Mask (Pack ...,₹499,,
987,Geo nature 20-MASK Surgical Mask With Melt Blown Fabric...,₹199,3.7,9
988,"SHIELD INDIA Surgical Face Mask, Anti Pollution,Anti Ge...",₹169,,
989,NEA KN95 / N95 Anti Pollution and Anti Viral 5 Layered ...,₹179,3.8,"1,444"
990,DEFINITELY Disposable Air Pollution & Protection Mask F...,₹149,,
991,"RubCare Unisex Face Mask, 3ply Surgical Mask Surgical M...",₹299,,
992,"Crozier MASK purifying dust, toxic gases in the air,and...",₹949,,
993,"NEA N95/KN95 5-Layer Anti- Pollution , Anti- Virus Reus...",₹249,3.9,611
994,"3M Particulate respirator 9504 IN, White (Pack of 10)","₹1,705",3.5,4
995,The Doyle Collection Kn95 double respirator mask with n...,₹298,3.9,158
996,Aircum Air-AN95 Shield Supermask reusable outdoor 5 Lay...,₹129,3.5,263
997,Wrath Unisex Anti Pollution Reusable Face Mask AddicMC4...,₹368,3.5,50
998,The Doyle Collection Kn95 double respirator mask with n...,₹178,3.9,41
999,Jack & Jones 214066301 Cloth Mask With Melt Blown Fabri...,₹399,4,23
